Store,Brand,Type,Gender,Size,Color,Category,Sales Price,Date,Time,Loyalty,Month,
Tokyo,Asics,Quick Light Cushion,Unisex,40-42,Blue,Socks,Û 19.00,7/15/2015,8:52 PM,41776,7,29
Tokyo,Asics,Cummulus 17,Male,38,Pink,Shoe,Û 159.00,7/15/2015,8:55 PM,40637,7,29
Tokyo,Nike,Nike Elite Match Fit Mercurial Crew,Unisex,36-38,Green,Socks,Û 21.00,7/15/2015,9:05 PM,---,7,29
Tokyo,Asics,WB1820,Female,36,Grey,Pants,Û 89.00,7/15/2015,9:08 PM,47674,7,29
Tokyo,Nike,Nike Elite Match Fit Mercurial Crew,Unisex,42-44,Black,Socks,Û 21.00,7/15/2015,10:01 PM,42851,7,29
Tokyo,Asics,WB1820,Female,41,Black,Pants,Û 89.00,7/15/2015,10:45 PM,49693,7,29
Tokyo,Asics,MB1878,Male,38,Black,Pants,Û 99.00,7/15/2015,11:13 PM,---,7,29
Tokyo,Nike,Pro Indy,Female,80F,Blue,Bra,Û 123.00,7/15/2015,9:52 AM,36706,7,29
Tokyo,Nike,Nike Elite Match Fit Mercurial Crew,Unisex,38-40,Green,Socks,Û 21.00,7/15/2015,10:00 AM,36167,7,29
Tokyo,Asics,Kayano Single Tab,Unisex,44-46,Black,Socks,Û 24.99,7/15/2015,10:02 AM,30730,7,29
Tokyo,Nike,Pro Fierce,Female,80C,Green,Bra,Û 149.00,7/15/2015,10:10 AM,---,7,29
Tokyo,Nike,Hyper Elite Crew,Unisex,44-46,Blue,Socks,Û 20.00,7/15/2015,10:20 AM,31072,7,29
Tokyo,Nike,Nike Elite Match Fit Mercurial Crew,Unisex,38-40,Blue,Socks,Û 21.00,7/15/2015,10:52 AM,---,7,29
Tokyo,Asics,WB1820,Female,38,Yellow,Pants,Û 89.00,7/15/2015,10:52 AM,---,7,29
Tokyo,Asics,MB1878,Male,44,Black,Pants,Û 99.00,7/15/2015,11:01 AM,38097,7,29
Tokyo,Nike,Pro Fierce,Female,85F,Green,Bra,Û 149.00,7/15/2015,11:20 AM,37379,7,29
Tokyo,Asics,MB1878,Male,46,Black,Pants,Û 99.00,7/15/2015,11:25 AM,---,7,29
Tokyo,Nike,Free 5.0,Female,38,Green,Shoe,Û 239.00,7/15/2015,11:28 AM,39261,7,29
Tokyo,Nike,Pro Fierce,Female,70B,Black,Bra,Û 149.00,7/15/2015,11:32 AM,31535,7,29
Tokyo,Nike,Pro Indy,Female,80E,Pink,Bra,Û 123.00,7/15/2015,11:38 AM,37578,7,29
