Store,Brand,Type,Gender,Size,Color,Category,Sales Price,Date,Time,Loyalty,Month,
Tokyo,Nike,Dri-Fit No-Show,Unisex,38-40,Black,Socks,Û 20.00,7/24/2015,11:03 AM,51852,7,30
Tokyo,Asics,MB1878,Male,41,Black,Pants,Û 99.00,7/24/2015,11:03 AM,51852,7,30
Tokyo,Nike,Nike Elite Match Fit Mercurial Crew,Unisex,38-40,Green,Socks,Û 21.00,7/24/2015,11:05 AM,59592,7,30
Tokyo,Asics,WB1820,Female,41,Multicolor,Pants,Û 89.00,7/24/2015,11:51 AM,59022,7,30
Tokyo,Nike,Nike Elite Match Fit Mercurial Crew,Unisex,44-46,Black,Socks,Û 21.00,7/24/2015,1:12 PM,---,7,30
Tokyo,Nike,Air Zoom,Female,38,Blue,Shoe,Û 230.00,7/24/2015,1:13 PM,50191,7,30
Tokyo,Asics,WB1820,Female,39,Pink,Pants,Û 89.00,7/24/2015,1:24 PM,51910,7,30
Tokyo,Nike,Dri-Fit No-Show,Unisex,38-40,Green,Socks,Û 20.00,7/24/2015,1:42 PM,52638,7,30
Tokyo,Nike,Pro Fierce,Female,70F,Green,Bra,Û 149.00,7/24/2015,2:21 PM,53981,7,30
Tokyo,Nike,Elite Compression,Unisex,38-40,Blue,Socks,Û 23.99,7/24/2015,2:29 PM,---,7,30
Tokyo,Nike,Nike Elite Match Fit Mercurial Crew,Unisex,38-40,Black,Socks,Û 21.00,7/24/2015,2:47 PM,56399,7,30
Tokyo,Nike,Hyper Elite Crew,Unisex,46-48,Black,Socks,Û 20.00,7/24/2015,3:01 PM,50031,7,30
Tokyo,Asics,WB1820,Female,46,Green,Pants,Û 89.00,7/24/2015,3:15 PM,56129,7,30
Tokyo,Nike,Free 5.0,Female,46,Yellow,Shoe,Û 239.00,7/24/2015,3:34 PM,57733,7,30
Tokyo,Nike,Pro Hero,Female,80F,Pink,Bra,Û 99.00,7/24/2015,4:04 PM,---,7,30
Tokyo,Asics,Kayano Single Tab,Unisex,38-40,Pink,Socks,Û 24.99,7/24/2015,5:25 PM,58862,7,30
Tokyo,Asics,Cummulus 17,Female,44,Multicolor,Shoe,Û 159.00,7/24/2015,5:39 PM,---,7,30
Tokyo,Nike,Pro Hero,Female,80B,Blue,Bra,Û 99.00,7/24/2015,5:44 PM,---,7,30
Tokyo,Nike,Pro Fierce,Female,70E,Grey,Bra,Û 149.00,7/24/2015,5:49 PM,58173,7,30
Tokyo,Asics,WB1820,Female,40,Yellow,Pants,Û 89.00,7/24/2015,6:40 PM,53564,7,30
