Store,Brand,Type,Gender,Size,Color,Category,Sales Price,Date,Time,Loyalty,Month,
Rotterdam,Nike,Free 5.0,Male,38,Blue,Shoe,Û 239.00,7/19/2015,10:26 AM,31003,7,30
Tokyo,Asics,Kayano Single Tab,Unisex,44-46,Green,Socks,Û 24.99,7/19/2015,10:28 AM,---,7,30
Rotterdam,Nike,Dri-Fit No-Show,Unisex,44-46,Blue,Socks,Û 20.00,7/19/2015,10:43 AM,---,7,30
Rotterdam,Nike,Pro Fierce,Female,70C,Green,Bra,Û 149.00,7/19/2015,10:43 AM,---,7,30
Rotterdam,Nike,Nike Elite Match Fit Mercurial Crew,Unisex,42-44,Pink,Socks,Û 21.00,7/19/2015,10:48 AM,34589,7,30
Tokyo,Asics,WB1820,Female,37,Blue,Pants,Û 89.00,7/19/2015,11:09 AM,---,7,30
Tokyo,Asics,WB1820,Female,36,Yellow,Pants,Û 89.00,7/19/2015,11:17 AM,31242,7,30
Tokyo,Asics,WB1820,Female,36,Yellow,Pants,Û 89.00,7/19/2015,11:24 AM,---,7,30
Rotterdam,Nike,Nike Elite Match Fit Mercurial Crew,Unisex,42-44,Green,Socks,Û 21.00,7/19/2015,11:25 AM,31127,7,30
Rotterdam,Nike,Nike Elite Match Fit Mercurial Crew,Unisex,40-42,Green,Socks,Û 21.00,7/19/2015,11:38 AM,---,7,30
Rotterdam,Adidas,Ultra Boost,Female,42,Black,Shoe,Û 139.00,7/19/2015,11:42 AM,32619,7,30
Rotterdam,Nike,Hyper Elite Crew,Unisex,36-38,Blue,Socks,Û 20.00,7/19/2015,11:53 AM,31442,7,30
Tokyo,Asics,WB1820,Female,41,Grey,Pants,Û 89.00,7/19/2015,12:01 PM,34655,7,30
Rotterdam,Nike,Dri-Fit No-Show,Unisex,44-46,Pink,Socks,Û 20.00,7/19/2015,12:01 PM,---,7,30
Rotterdam,Nike,Air Zoom,Male,38,Pink,Shoe,Û 220.00,7/19/2015,12:22 PM,35655,7,30
Rotterdam,Nike,Dri-Fit No-Show,Unisex,38-40,Black,Socks,Û 20.00,7/19/2015,12:37 PM,36288,7,30
Rotterdam,Nike,Hyper Elite Crew,Unisex,46-48,Green,Socks,Û 20.00,7/19/2015,12:55 PM,---,7,30
Rotterdam,Nike,Nike Elite Match Fit Mercurial Crew,Unisex,40-42,Black,Socks,Û 21.00,7/19/2015,12:55 PM,---,7,30
Rotterdam,Nike,Pro Classic,Female,75C,Green,Bra,Û 100.00,7/19/2015,1:00 PM,30710,7,30
Tokyo,Asics,MB1878,Male,36,Black,Pants,Û 99.00,7/19/2015,1:13 PM,33622,7,30
