Store,Brand,Type,Gender,Size,Color,Category,Sales Price,Date,Time,Loyalty,Month,
Tokyo,Asics,WB1820,Female,41,Black,Pants,Û 89.00,7/25/2015,8:47 AM,52379,7,30
Tokyo,Asics,Hera Deux Single Tab,Female,40-42,Green,Socks,Û 12.99,7/25/2015,9:01 AM,---,7,30
Tokyo,Asics,WB1820,Female,40,Grey,Pants,Û 89.00,7/25/2015,9:04 AM,57427,7,30
Tokyo,Nike,Pro Indy,Female,75B,Green,Bra,Û 123.00,7/25/2015,9:38 AM,59137,7,30
Tokyo,Asics,MB1878,Male,43,Black,Pants,Û 99.00,7/25/2015,10:23 AM,---,7,30
Tokyo,Asics,MB1878,Male,42,Black,Pants,Û 99.00,7/25/2015,10:36 AM,---,7,30
Tokyo,Asics,WB1820,Female,42,Grey,Pants,Û 89.00,7/25/2015,11:42 AM,---,7,30
Tokyo,Nike,Pro Fierce,Female,90D,Pink,Bra,Û 149.00,7/25/2015,11:47 AM,55703,7,30
Tokyo,Nike,Nike Elite Match Fit Mercurial Crew,Unisex,46-48,Green,Socks,Û 21.00,7/25/2015,11:47 AM,55703,7,30
Tokyo,Nike,Hyper Elite Crew,Unisex,46-48,Black,Socks,Û 20.00,7/25/2015,11:51 AM,55613,7,30
Tokyo,Nike,Nike Elite Match Fit Mercurial Crew,Unisex,38-40,Blue,Socks,Û 21.00,7/25/2015,12:56 PM,---,7,30
Tokyo,Asics,WB1820,Female,40,Grey,Pants,Û 89.00,7/25/2015,1:12 PM,---,7,30
Tokyo,Nike,Pro Indy,Female,85E,Multicolor,Bra,Û 123.00,7/25/2015,1:19 PM,---,7,30
Tokyo,Asics,WB1820,Female,41,Blue,Pants,Û 89.00,7/25/2015,2:28 PM,54324,7,30
Tokyo,Asics,MB1878,Male,45,Black,Pants,Û 99.00,7/25/2015,2:28 PM,54324,7,30
Tokyo,Asics,MB1878,Male,41,Black,Pants,Û 99.00,7/25/2015,2:41 PM,52826,7,30
Tokyo,Nike,Pro Fierce,Female,90E,Multicolor,Bra,Û 149.00,7/25/2015,2:49 PM,53032,7,30
Tokyo,Nike,Dri-Fit No-Show,Unisex,44-46,Black,Socks,Û 20.00,7/25/2015,4:01 PM,59966,7,30
Tokyo,Nike,Pro Fierce,Female,85E,Yellow,Bra,Û 149.00,7/25/2015,4:36 PM,50908,7,30
Tokyo,Nike,Air Zoom,Male,46,Multicolor,Shoe,Û 220.00,7/25/2015,5:02 PM,50383,7,30
