Store,Brand,Type,Gender,Size,Color,Category,Sales Price,Date,Time,Loyalty,Month,
Rotterdam,Asics,WB1820,Female,46,Black,Pants,Û 89.00,7/24/2015,12:18 PM,---,7,30
Rotterdam,Asics,WB1820,Female,41,Grey,Pants,Û 89.00,7/24/2015,12:22 PM,32701,7,30
Rotterdam,Asics,MB1878,Male,41,Black,Pants,Û 99.00,7/24/2015,12:26 PM,33313,7,30
Rotterdam,Asics,WB1820,Female,42,Black,Pants,Û 89.00,7/24/2015,12:31 PM,38665,7,30
Rotterdam,Asics,Hera Deux Single Tab,Female,36-38,Blue,Socks,Û 12.99,7/24/2015,1:08 PM,---,7,30
Rotterdam,Asics,MB1878,Male,46,Black,Pants,Û 99.00,7/24/2015,1:10 PM,33061,7,30
Rotterdam,Asics,Quick Light Cushion,Unisex,38-40,Blue,Socks,Û 19.00,7/24/2015,1:18 PM,---,7,30
Rotterdam,Asics,MB1878,Male,40,Black,Pants,Û 99.00,7/24/2015,1:28 PM,36444,7,30
Rotterdam,Asics,WB1820,Female,41,Multicolor,Pants,Û 89.00,7/24/2015,1:31 PM,33738,7,30
Rotterdam,Nike,Nike Elite Match Fit Mercurial Crew,Unisex,38-40,Green,Socks,Û 21.00,7/24/2015,1:33 PM,33734,7,30
Rotterdam,Nike,Air Zoom,Male,40,Grey,Shoe,Û 220.00,7/24/2015,1:36 PM,37731,7,30
Rotterdam,Nike,Pro Hero,Female,85F,Yellow,Bra,Û 99.00,7/24/2015,1:43 PM,---,7,30
Rotterdam,Nike,Air Zoom,Male,40,Green,Shoe,Û 220.00,7/24/2015,1:44 PM,---,7,30
Rotterdam,Nike,Dri-Fit No-Show,Unisex,38-40,Blue,Socks,Û 20.00,7/24/2015,1:49 PM,---,7,30
Rotterdam,Nike,Pro Classic,Female,70C,Blue,Bra,Û 100.00,7/24/2015,2:20 PM,---,7,30
Rotterdam,Nike,Dri-Fit No-Show,Unisex,44-46,Black,Socks,Û 20.00,7/24/2015,2:24 PM,36220,7,30
Rotterdam,Nike,Dri-Fit No-Show,Unisex,42-44,Green,Socks,Û 20.00,7/24/2015,2:25 PM,---,7,30
Rotterdam,Asics,WB2585,Female,41,Black,Pants,Û 99.00,7/24/2015,2:28 PM,36589,7,30
Rotterdam,Nike,Nike Elite Match Fit Mercurial Crew,Unisex,36-38,Black,Socks,Û 21.00,7/24/2015,3:00 PM,30368,7,30
Rotterdam,Asics,WB1820,Female,39,Multicolor,Pants,Û 89.00,7/24/2015,3:36 PM,36951,7,30
