Store,Brand,Type,Gender,Size,Color,Category,Sales Price,Date,Time,Loyalty,Month,
Tokyo,Asics,WB1820,Female,39,Green,Pants,Û 89.00,7/24/2015,7:56 PM,55150,7,30
Tokyo,Asics,WB1820,Female,46,Multicolor,Pants,Û 89.00,7/24/2015,8:03 PM,---,7,30
Tokyo,Nike,Pro Fierce,Female,75E,Yellow,Bra,Û 149.00,7/24/2015,8:12 PM,50780,7,30
Tokyo,Asics,WB1820,Female,39,Blue,Pants,Û 89.00,7/24/2015,8:25 PM,---,7,30
Tokyo,Asics,WB1820,Female,41,Black,Pants,Û 89.00,7/24/2015,8:54 PM,53096,7,30
Tokyo,Nike,Air Zoom,Male,39,Pink,Shoe,Û 220.00,7/24/2015,9:00 PM,55010,7,30
Tokyo,Asics,WB1820,Female,40,Black,Pants,Û 89.00,7/24/2015,9:08 PM,---,7,30
Tokyo,Nike,Air Zoom,Male,42,Multicolor,Shoe,Û 220.00,7/24/2015,9:51 PM,52610,7,30
Tokyo,Nike,Pro Hero,Female,75C,Black,Bra,Û 99.00,7/24/2015,9:59 PM,58672,7,30
Tokyo,Nike,Pro Fierce,Female,80B,Blue,Bra,Û 149.00,7/24/2015,10:17 PM,54229,7,30
Tokyo,Asics,WB1820,Female,36,Grey,Pants,Û 89.00,7/24/2015,10:23 PM,51431,7,30
Tokyo,Nike,Dri-Fit No-Show,Unisex,42-44,Black,Socks,Û 20.00,7/24/2015,10:27 PM,51432,7,30
Tokyo,Nike,Free 5.0,Female,38,Green,Shoe,Û 239.00,7/24/2015,11:03 PM,56877,7,30
Tokyo,Nike,Pro Indy,Female,90E,Yellow,Bra,Û 123.00,7/24/2015,11:05 PM,58787,7,30
Tokyo,Asics,WB1820,Female,40,Grey,Pants,Û 89.00,7/24/2015,11:15 PM,54285,7,30
Tokyo,Asics,WB1820,Female,39,Yellow,Pants,Û 89.00,7/24/2015,11:26 PM,51081,7,30
Tokyo,Adidas,Rocket Boost,Female,45,Black,Shoe,Û 100.00,7/24/2015,4:46 PM,59735,7,30
Tokyo,Adidas,Rocket Boost,Female,46,Pink,Shoe,Û 100.00,7/24/2015,5:20 PM,57098,7,30
Tokyo,Adidas,Ultra Boost,Female,44,Yellow,Shoe,Û 139.00,7/24/2015,4:00 PM,53178,7,30
Tokyo,Adidas,Boston 5,Male,39,Black,Shoe,Û 125.00,7/24/2015,3:11 PM,---,7,30
