Store,Brand,Type,Gender,Size,Color,Category,Sales Price,Date,Time,Loyalty,Month,
Tokyo,Nike,Dri-Fit No-Show,Unisex,42-44,Black,Socks,Û 20.00,7/18/2015,10:23 AM,32389,7,29
Tokyo,Asics,Kayano Single Tab,Unisex,36-38,Pink,Socks,Û 24.99,7/18/2015,10:26 AM,31220,7,29
Tokyo,Nike,Pro Indy,Female,65C,Grey,Bra,Û 123.00,7/18/2015,10:31 AM,31052,7,29
Tokyo,Nike,Air Zoom,Male,44,Multicolor,Shoe,Û 220.00,7/18/2015,10:41 AM,---,7,29
Tokyo,Nike,Free 5.0,Male,36,Multicolor,Shoe,Û 239.00,7/18/2015,10:48 AM,39771,7,29
Tokyo,Asics,WB1820,Female,43,Green,Pants,Û 89.00,7/18/2015,10:48 AM,---,7,29
Tokyo,Asics,MB1878,Male,41,Black,Pants,Û 99.00,7/18/2015,11:01 AM,30222,7,29
Tokyo,Nike,Hyper Elite Crew,Unisex,44-46,Green,Socks,Û 20.00,7/18/2015,11:01 AM,30222,7,29
Tokyo,Asics,Kayano Single Tab,Unisex,36-38,Black,Socks,Û 24.99,7/18/2015,11:09 AM,31455,7,29
Tokyo,Nike,Free 5.0,Female,42,Blue,Shoe,Û 239.00,7/18/2015,11:17 AM,---,7,29
Rotterdam,Nike,Nike Elite Match Fit Mercurial Crew,Unisex,36-38,Black,Socks,Û 21.00,7/18/2015,11:22 AM,---,7,29
Rotterdam,Nike,Nike Elite Match Fit Mercurial Crew,Unisex,42-44,Pink,Socks,Û 21.00,7/18/2015,12:18 PM,36278,7,29
Tokyo,Asics,MB1878,Male,41,Black,Pants,Û 99.00,7/18/2015,12:24 PM,---,7,29
Rotterdam,Nike,Hyper Elite Crew,Unisex,46-48,Pink,Socks,Û 20.00,7/18/2015,12:29 PM,39490,7,29
Tokyo,Asics,Hera Deux Single Tab,Female,36-38,Blue,Socks,Û 12.99,7/18/2015,12:31 PM,38325,7,29
Rotterdam,Nike,Dri-Fit No-Show,Unisex,44-46,Black,Socks,Û 20.00,7/18/2015,12:32 PM,38979,7,29
Rotterdam,Nike,Hyper Elite Crew,Unisex,44-46,Black,Socks,Û 20.00,7/18/2015,12:42 PM,38113,7,29
Rotterdam,Nike,Pro Classic,Female,90D,Black,Bra,Û 100.00,7/18/2015,12:52 PM,35411,7,29
Rotterdam,Nike,Dri-Fit No-Show,Unisex,40-42,Blue,Socks,Û 20.00,7/18/2015,1:02 PM,34488,7,29
Rotterdam,Nike,Pro Fierce,Female,90E,Grey,Bra,Û 149.00,7/18/2015,1:13 PM,38196,7,29
