Store,Brand,Type,Gender,Size,Color,Category,Sales Price,Date,Time,Loyalty,Month,
Tokyo,Nike,Nike Elite Match Fit Mercurial Crew,Unisex,40-42,Green,Socks,Û 21.00,7/16/2015,12:31 PM,52074,7,29
Tokyo,Nike,Pro Hero,Female,80B,Blue,Bra,Û 99.00,7/16/2015,12:57 PM,59768,7,29
Tokyo,Asics,MB1878,Male,41,Black,Pants,Û 99.00,7/16/2015,1:55 PM,51291,7,29
Tokyo,Asics,WB1820,Female,40,Yellow,Pants,Û 89.00,7/16/2015,3:12 PM,50190,7,29
Tokyo,Asics,WB1820,Female,46,Multicolor,Pants,Û 89.00,7/16/2015,3:12 PM,---,7,29
Tokyo,Asics,Kayano Single Tab,Unisex,42-44,Blue,Socks,Û 24.99,7/16/2015,3:12 PM,---,7,29
Tokyo,Asics,Hera Deux Single Tab,Female,36-38,Pink,Socks,Û 12.99,7/16/2015,3:20 PM,---,7,29
Tokyo,Nike,Dri-Fit No-Show,Unisex,44-46,Pink,Socks,Û 20.00,7/16/2015,4:29 PM,---,7,29
Tokyo,Asics,WB1820,Female,42,Blue,Pants,Û 89.00,7/16/2015,4:45 PM,59096,7,29
Tokyo,Asics,Kayano Single Tab,Unisex,40-42,Blue,Socks,Û 24.99,7/16/2015,4:55 PM,50370,7,29
Tokyo,Asics,WB1820,Female,43,Grey,Pants,Û 89.00,7/16/2015,5:06 PM,52029,7,29
Tokyo,Asics,WB1820,Female,44,Pink,Pants,Û 89.00,7/16/2015,5:08 PM,56745,7,29
Tokyo,Nike,Hyper Elite Crew,Unisex,46-48,Pink,Socks,Û 20.00,7/16/2015,6:10 PM,---,7,29
Tokyo,Nike,Free 5.0,Male,39,Blue,Shoe,Û 239.00,7/16/2015,6:21 PM,---,7,29
Tokyo,Asics,Kayano Single Tab,Unisex,38-40,Blue,Socks,Û 24.99,7/16/2015,6:34 PM,51448,7,29
Tokyo,Asics,WB1820,Female,41,Pink,Pants,Û 89.00,7/16/2015,7:35 PM,52531,7,29
Tokyo,Nike,Hyper Elite Crew,Unisex,38-40,Blue,Socks,Û 20.00,7/16/2015,7:49 PM,---,7,29
Tokyo,Asics,Cummulus 17,Male,40,Black,Shoe,Û 159.00,7/16/2015,8:11 PM,57128,7,29
Tokyo,Nike,Pro Fierce,Female,90F,Grey,Bra,Û 149.00,7/16/2015,8:28 PM,53566,7,29
Tokyo,Nike,Pro Indy,Female,65E,Black,Bra,Û 123.00,7/16/2015,8:38 PM,55330,7,29
