Store,Brand,Type,Gender,Size,Color,Category,Sales Price,Date,Time,Loyalty,Month,
Tokyo,Asics,WB1820,Female,36,Green,Pants,Û 89.00,7/27/2015,11:51 AM,---,7,31
Tokyo,Asics,MB1878,Male,37,Black,Pants,Û 99.00,7/27/2015,12:07 PM,55938,7,31
Tokyo,Asics,WB1820,Female,43,Black,Pants,Û 89.00,7/27/2015,12:20 PM,---,7,31
Tokyo,Asics,MB1878,Male,39,Black,Pants,Û 99.00,7/27/2015,12:37 PM,59656,7,31
Tokyo,Nike,Hyper Elite Crew,Unisex,38-40,Pink,Socks,Û 20.00,7/27/2015,1:10 PM,---,7,31
Tokyo,Asics,Kayano Single Tab,Unisex,46-48,Pink,Socks,Û 24.99,7/27/2015,1:59 PM,56567,7,31
Tokyo,Nike,Hyper Elite Crew,Unisex,44-46,Black,Socks,Û 20.00,7/27/2015,2:11 PM,---,7,31
Tokyo,Nike,Dri-Fit No-Show,Unisex,46-48,Green,Socks,Û 20.00,7/27/2015,2:32 PM,50909,7,31
Tokyo,Nike,Nike Elite Match Fit Mercurial Crew,Unisex,42-44,Black,Socks,Û 21.00,7/27/2015,2:51 PM,53354,7,31
Tokyo,Nike,Pro Hero,Female,65A,Grey,Bra,Û 99.00,7/27/2015,3:10 PM,58977,7,31
Tokyo,Asics,Kayano Single Tab,Unisex,36-38,Blue,Socks,Û 24.99,7/27/2015,3:18 PM,52967,7,31
Tokyo,Nike,Pro Fierce,Female,65A,Blue,Bra,Û 149.00,7/27/2015,3:21 PM,55966,7,31
Tokyo,Asics,Kayano Single Tab,Unisex,42-44,Black,Socks,Û 24.99,7/27/2015,5:31 PM,51347,7,31
Tokyo,Nike,Nike Elite Match Fit Mercurial Crew,Unisex,36-38,Black,Socks,Û 21.00,7/27/2015,5:42 PM,53237,7,31
Tokyo,Asics,WB1820,Female,45,Blue,Pants,Û 89.00,7/27/2015,5:54 PM,59912,7,31
Tokyo,Nike,Dri-Fit No-Show,Unisex,38-40,Pink,Socks,Û 20.00,7/27/2015,6:04 PM,---,7,31
Tokyo,Nike,Pro Fierce,Female,65E,Multicolor,Bra,Û 149.00,7/27/2015,6:07 PM,58560,7,31
Tokyo,Nike,Dri-Fit No-Show,Unisex,46-48,Black,Socks,Û 20.00,7/27/2015,6:28 PM,52767,7,31
Tokyo,Asics,WB1820,Female,40,Yellow,Pants,Û 89.00,7/27/2015,6:30 PM,56204,7,31
Tokyo,Asics,Quick Light Cushion,Unisex,38-40,Black,Socks,Û 19.00,7/27/2015,6:31 PM,51891,7,31
