Store,Brand,Type,Gender,Size,Color,Category,Sales Price,Date,Time,Loyalty,Month,
Tokyo,Asics,Kayano Single Tab,Unisex,42-44,Green,Socks,Û 24.99,7/16/2015,4:07 PM,45577,7,29
Tokyo,Nike,Air Zoom,Male,38,Blue,Shoe,Û 230.00,7/16/2015,4:12 PM,42830,7,29
Tokyo,Nike,Nike Elite Match Fit Mercurial Crew,Unisex,36-38,Pink,Socks,Û 21.00,7/16/2015,4:35 PM,44147,7,29
Tokyo,Asics,Hera Deux Single Tab,Female,36-38,Blue,Socks,Û 12.99,7/16/2015,4:58 PM,---,7,29
Tokyo,Nike,Nike Elite Match Fit Mercurial Crew,Unisex,36-38,Blue,Socks,Û 21.00,7/16/2015,5:29 PM,---,7,29
Tokyo,Adidas,Boston 5,Male,42,Multicolor,Shoe,Û 125.00,7/16/2015,6:01 PM,48838,7,29
Tokyo,Asics,Kayano Single Tab,Unisex,36-38,Green,Socks,Û 24.99,7/16/2015,6:10 PM,41392,7,29
Tokyo,Nike,Hyper Elite Crew,Unisex,40-42,Pink,Socks,Û 20.00,7/16/2015,6:10 PM,---,7,29
Tokyo,Asics,WB1820,Female,38,Blue,Pants,Û 89.00,7/16/2015,6:18 PM,---,7,29
Tokyo,Asics,Kayano Single Tab,Unisex,44-46,Green,Socks,Û 24.99,7/16/2015,6:38 PM,42268,7,29
Tokyo,Asics,MB1878,Male,41,Black,Pants,Û 99.00,7/16/2015,6:51 PM,---,7,29
Tokyo,Nike,Nike Elite Match Fit Mercurial Crew,Unisex,44-46,Green,Socks,Û 21.00,7/16/2015,6:56 PM,48296,7,29
Tokyo,Asics,MB1878,Male,43,Black,Pants,Û 99.00,7/16/2015,7:40 PM,48327,7,29
Tokyo,Asics,WB1820,Female,40,Pink,Pants,Û 89.00,7/16/2015,7:52 PM,---,7,29
Tokyo,Nike,Nike Elite Match Fit Mercurial Crew,Unisex,44-46,Black,Socks,Û 21.00,7/16/2015,8:32 PM,---,7,29
Tokyo,Asics,MB1878,Male,38,Black,Pants,Û 99.00,7/16/2015,8:35 PM,42468,7,29
Tokyo,Asics,Quick Light Cushion,Unisex,46-48,Pink,Socks,Û 19.00,7/16/2015,8:57 PM,48837,7,29
Tokyo,Asics,MB1878,Male,37,Black,Pants,Û 99.00,7/16/2015,9:36 PM,49689,7,29
Tokyo,Asics,WB1820,Female,39,Yellow,Pants,Û 89.00,7/16/2015,9:48 PM,---,7,29
Tokyo,Asics,Nimbus 17,Male,39,Black,Shoe,Û 128.00,7/16/2015,10:24 PM,49680,7,29
