Store,Brand,Type,Gender,Size,Color,Category,Sales Price,Date,Time,Loyalty,Month,
Tokyo,Asics,WB1820,Female,39,Green,Pants,Û 89.00,7/16/2015,12:42 PM,---,7,29
Tokyo,Nike,Pro Fierce,Female,70D,Blue,Bra,Û 149.00,7/16/2015,12:42 PM,---,7,29
Tokyo,Asics,MB1878,Male,42,Black,Pants,Û 99.00,7/16/2015,12:45 PM,31209,7,29
Tokyo,Nike,Free 5.0,Male,36,Multicolor,Shoe,Û 239.00,7/16/2015,1:02 PM,34334,7,29
Tokyo,Asics,MB1878,Male,45,Black,Pants,Û 99.00,7/16/2015,1:03 PM,32101,7,29
Tokyo,Asics,Quick Light Cushion,Unisex,40-42,Blue,Socks,Û 19.00,7/16/2015,1:05 PM,31826,7,29
Tokyo,Nike,Pro Fierce,Female,75A,Pink,Bra,Û 149.00,7/16/2015,1:15 PM,---,7,29
Tokyo,Asics,MB1878,Male,42,Black,Pants,Û 99.00,7/16/2015,1:16 PM,---,7,29
Tokyo,Nike,Nike Elite Match Fit Mercurial Crew,Unisex,46-48,Green,Socks,Û 21.00,7/16/2015,1:46 PM,---,7,29
Tokyo,Asics,WB1820,Female,37,Pink,Pants,Û 89.00,7/16/2015,2:02 PM,30161,7,29
Tokyo,Asics,Hera Deux Single Tab,Female,36-38,Blue,Socks,Û 12.99,7/16/2015,2:07 PM,---,7,29
Tokyo,Nike,Pro Classic,Female,75B,Black,Bra,Û 100.00,7/16/2015,2:09 PM,36345,7,29
Tokyo,Nike,Air Zoom,Male,44,Grey,Shoe,Û 220.00,7/16/2015,2:17 PM,---,7,29
Tokyo,Nike,Dri-Fit No-Show,Unisex,36-38,Black,Socks,Û 20.00,7/16/2015,2:30 PM,38675,7,29
Tokyo,Asics,WB1820,Female,44,Pink,Pants,Û 89.00,7/16/2015,2:56 PM,38527,7,29
Tokyo,Asics,WB2585,Female,38,Black,Pants,Û 99.00,7/16/2015,2:58 PM,34022,7,29
Tokyo,Nike,Dri-Fit No-Show,Unisex,44-46,Blue,Socks,Û 20.00,7/16/2015,3:00 PM,---,7,29
Tokyo,Asics,WB1820,Female,42,Pink,Pants,Û 89.00,7/16/2015,3:03 PM,---,7,29
Tokyo,Nike,Pro Hero,Female,80D,Multicolor,Bra,Û 99.00,7/16/2015,3:08 PM,33116,7,29
Tokyo,Asics,WB1820,Female,46,Black,Pants,Û 89.00,7/16/2015,3:09 PM,---,7,29
