Store,Brand,Type,Gender,Size,Color,Category,Sales Price,Date,Time,Loyalty,Month,
Tokyo,Asics,WB1820,Female,36,Green,Pants,Û 89.00,7/17/2015,12:21 PM,---,7,29
Tokyo,Asics,Hera Deux Single Tab,Female,42-44,Pink,Socks,Û 12.99,7/17/2015,12:38 PM,44766,7,29
Tokyo,Asics,WB1820,Female,37,Blue,Pants,Û 89.00,7/17/2015,12:43 PM,---,7,29
Tokyo,Asics,WB1820,Female,46,Grey,Pants,Û 89.00,7/17/2015,1:55 PM,---,7,29
Tokyo,Nike,Nike Elite Match Fit Mercurial Crew,Unisex,36-38,Green,Socks,Û 21.00,7/17/2015,1:59 PM,---,7,29
Tokyo,Nike,Dri-Fit No-Show,Unisex,36-38,Pink,Socks,Û 20.00,7/17/2015,2:11 PM,---,7,29
Tokyo,Nike,Nike Elite Match Fit Mercurial Crew,Unisex,38-40,Pink,Socks,Û 21.00,7/17/2015,2:28 PM,43588,7,29
Tokyo,Asics,WB2585,Female,37,Black,Pants,Û 99.00,7/17/2015,2:36 PM,---,7,29
Tokyo,Adidas,Boston 5,Male,46,Grey,Shoe,Û 120.00,7/17/2015,3:34 PM,49579,7,29
Tokyo,Nike,Nike Elite Match Fit Mercurial Crew,Unisex,38-40,Green,Socks,Û 21.00,7/17/2015,3:37 PM,45556,7,29
Tokyo,Nike,Air Zoom,Male,44,Grey,Shoe,Û 220.00,7/17/2015,4:40 PM,41546,7,29
Tokyo,Asics,MB1878,Male,36,Black,Pants,Û 99.00,7/17/2015,5:54 PM,---,7,29
Tokyo,Asics,WB1820,Female,40,Black,Pants,Û 89.00,7/17/2015,6:00 PM,47412,7,29
Tokyo,Asics,WB2585,Female,44,Black,Pants,Û 99.00,7/17/2015,6:12 PM,42158,7,29
Tokyo,Nike,Nike Elite Match Fit Mercurial Crew,Unisex,40-42,Green,Socks,Û 21.00,7/17/2015,6:31 PM,45630,7,29
Tokyo,Asics,WB1820,Female,39,Green,Pants,Û 89.00,7/17/2015,6:33 PM,42404,7,29
Tokyo,Asics,WB1820,Female,41,Black,Pants,Û 89.00,7/17/2015,6:36 PM,47551,7,29
Tokyo,Asics,MB1878,Male,38,Black,Pants,Û 99.00,7/17/2015,6:54 PM,40278,7,29
Tokyo,Asics,Cummulus 17,Male,41,Blue,Shoe,Û 159.00,7/17/2015,7:04 PM,---,7,29
Tokyo,Nike,Nike Elite Match Fit Mercurial Crew,Unisex,46-48,Green,Socks,Û 21.00,7/17/2015,7:45 PM,---,7,29
