Store,Brand,Type,Gender,Size,Color,Category,Sales Price,Date,Time,Loyalty,Month,
Tokyo,Nike,Air Zoom,Female,42,Yellow,Shoe,Û 230.00,7/25/2015,5:08 PM,---,7,30
Tokyo,Asics,Nimbus 17,Female,41,Yellow,Shoe,Û 128.00,7/25/2015,5:19 PM,---,7,30
Tokyo,Nike,Pro Indy,Female,65C,Yellow,Bra,Û 123.00,7/25/2015,5:28 PM,51081,7,30
Tokyo,Asics,Cummulus 17,Male,46,Multicolor,Shoe,Û 159.00,7/25/2015,5:36 PM,---,7,30
Tokyo,Nike,Pro Fierce,Female,75E,Blue,Bra,Û 149.00,7/25/2015,6:02 PM,58477,7,30
Tokyo,Nike,Hyper Elite Crew,Unisex,36-38,Black,Socks,Û 20.00,7/25/2015,6:15 PM,56707,7,30
Tokyo,Nike,Pro Fierce,Female,80D,Multicolor,Bra,Û 149.00,7/25/2015,6:46 PM,---,7,30
Tokyo,Nike,Air Zoom,Male,39,Yellow,Shoe,Û 220.00,7/25/2015,7:16 PM,53896,7,30
Tokyo,Nike,Pro Fierce,Female,65C,Pink,Bra,Û 149.00,7/25/2015,7:43 PM,53613,7,30
Tokyo,Asics,WB1820,Female,37,Green,Pants,Û 89.00,7/25/2015,7:48 PM,51376,7,30
Tokyo,Asics,WB1820,Female,43,Grey,Pants,Û 89.00,7/25/2015,7:56 PM,59308,7,30
Tokyo,Nike,Nike Elite Match Fit Mercurial Crew,Unisex,44-46,Black,Socks,Û 21.00,7/25/2015,8:00 PM,---,7,30
Tokyo,Asics,Quick Light Cushion,Unisex,40-42,Pink,Socks,Û 19.00,7/25/2015,8:24 PM,58009,7,30
Tokyo,Nike,Air Zoom,Female,46,Yellow,Shoe,Û 230.00,7/25/2015,8:48 PM,---,7,30
Tokyo,Nike,Pro Fierce,Female,70E,Green,Bra,Û 149.00,7/25/2015,9:23 PM,59340,7,30
Tokyo,Nike,Pro Hero,Female,90D,Green,Bra,Û 99.00,7/25/2015,10:56 PM,53044,7,30
Tokyo,Nike,Pro Fierce,Female,85B,Blue,Bra,Û 149.00,7/25/2015,11:28 PM,59349,7,30
Tokyo,Adidas,Boston 5,Male,37,Pink,Shoe,Û 125.00,7/25/2015,2:25 PM,---,7,30
Tokyo,Adidas,Ultra Boost,Male,42,Multicolor,Shoe,Û 139.00,7/25/2015,1:33 PM,---,7,30
Tokyo,Adidas,Boston 5,Female,39,Pink,Shoe,Û 120.00,7/25/2015,3:36 PM,52716,7,30
