Store,Brand,Type,Gender,Size,Color,Category,Sales Price,Date,Time,Loyalty,Month,
Tokyo,Asics,WB1820,Female,45,Grey,Pants,Û 89.00,7/20/2015,5:37 PM,31417,7,30
Rotterdam,Nike,Air Zoom,Female,40,Multicolor,Shoe,Û 230.00,7/20/2015,5:38 PM,35187,7,30
Rotterdam,Nike,Air Zoom,Male,44,Grey,Shoe,Û 220.00,7/20/2015,5:40 PM,31958,7,30
Tokyo,Asics,WB1820,Female,38,Yellow,Pants,Û 89.00,7/20/2015,8:29 AM,50347,7,30
Tokyo,Asics,Quick Light Cushion,Unisex,46-48,Pink,Socks,Û 19.00,7/20/2015,8:55 AM,58914,7,30
Tokyo,Asics,Kayano Single Tab,Unisex,42-44,Blue,Socks,Û 24.99,7/20/2015,9:10 AM,---,7,30
Tokyo,Nike,Pro Fierce,Female,65E,Green,Bra,Û 149.00,7/20/2015,9:10 AM,---,7,30
Tokyo,Nike,Pro Fierce,Female,90C,Grey,Bra,Û 149.00,7/20/2015,9:11 AM,---,7,30
Tokyo,Asics,WB1820,Female,42,Grey,Pants,Û 89.00,7/20/2015,9:12 AM,59017,7,30
Tokyo,Asics,WB1820,Female,41,Grey,Pants,Û 89.00,7/20/2015,9:24 AM,---,7,30
Tokyo,Asics,Hera Deux Single Tab,Female,40-42,Pink,Socks,Û 12.99,7/20/2015,9:37 AM,---,7,30
Tokyo,Asics,MB1878,Male,41,Black,Pants,Û 99.00,7/20/2015,10:06 AM,57791,7,30
Tokyo,Asics,Hera Deux Single Tab,Female,42-44,Black,Socks,Û 12.99,7/20/2015,10:56 AM,54775,7,30
Tokyo,Nike,Pro Fierce,Female,85C,Yellow,Bra,Û 149.00,7/20/2015,10:58 AM,---,7,30
Tokyo,Asics,WB1820,Female,38,Grey,Pants,Û 89.00,7/20/2015,11:06 AM,---,7,30
Tokyo,Nike,Nike Elite Match Fit Mercurial Crew,Unisex,44-46,Black,Socks,Û 21.00,7/20/2015,11:38 AM,57560,7,30
Tokyo,Nike,Pro Indy,Female,85D,Pink,Bra,Û 123.00,7/20/2015,11:57 AM,50838,7,30
Tokyo,Asics,Cummulus 17,Male,44,Pink,Shoe,Û 159.00,7/20/2015,12:23 PM,---,7,30
Tokyo,Asics,WB1820,Female,43,Grey,Pants,Û 89.00,7/20/2015,12:31 PM,55209,7,30
Tokyo,Nike,Nike Elite Match Fit Mercurial Crew,Unisex,38-40,Blue,Socks,Û 21.00,7/20/2015,12:41 PM,56440,7,30
