Store,Brand,Type,Gender,Size,Color,Category,Sales Price,Date,Time,Loyalty,Month,
Tokyo,Asics,WB1820,Female,39,Grey,Pants,Û 89.00,7/25/2015,12:48 PM,---,7,30
Tokyo,Asics,WB1820,Female,36,Multicolor,Pants,Û 89.00,7/25/2015,1:12 PM,42031,7,30
Tokyo,Asics,MB1878,Male,41,Black,Pants,Û 99.00,7/25/2015,1:27 PM,---,7,30
Tokyo,Asics,Hera Deux Single Tab,Female,46-48,Black,Socks,Û 12.99,7/25/2015,1:33 PM,48457,7,30
Tokyo,Asics,Quick Light Cushion,Unisex,40-42,Pink,Socks,Û 19.00,7/25/2015,1:48 PM,46589,7,30
Tokyo,Asics,WB1820,Female,46,Green,Pants,Û 89.00,7/25/2015,2:02 PM,46995,7,30
Tokyo,Asics,WB1820,Female,42,Black,Pants,Û 89.00,7/25/2015,3:10 PM,49781,7,30
Tokyo,Asics,Kayano Single Tab,Unisex,40-42,Pink,Socks,Û 24.99,7/25/2015,3:18 PM,44571,7,30
Tokyo,Asics,WB1820,Female,42,Yellow,Pants,Û 89.00,7/25/2015,3:40 PM,49201,7,30
Tokyo,Nike,Nike Elite Match Fit Mercurial Crew,Unisex,40-42,Pink,Socks,Û 21.00,7/25/2015,6:10 PM,---,7,30
Tokyo,Asics,WB1820,Female,46,Blue,Pants,Û 89.00,7/25/2015,6:10 PM,---,7,30
Tokyo,Asics,WB1820,Female,36,Green,Pants,Û 89.00,7/25/2015,6:20 PM,---,7,30
Tokyo,Nike,Nike Elite Match Fit Mercurial Crew,Unisex,36-38,Blue,Socks,Û 21.00,7/25/2015,6:34 PM,---,7,30
Tokyo,Nike,Nike Elite Match Fit Mercurial Crew,Unisex,44-46,Blue,Socks,Û 21.00,7/25/2015,6:41 PM,41916,7,30
Tokyo,Asics,Cummulus 17,Male,46,Black,Shoe,Û 159.00,7/25/2015,6:54 PM,42200,7,30
Tokyo,Asics,WB2585,Female,46,Black,Pants,Û 99.00,7/25/2015,7:46 PM,45200,7,30
Tokyo,Asics,Quick Light Cushion,Unisex,40-42,Black,Socks,Û 19.00,7/25/2015,7:52 PM,---,7,30
Tokyo,Nike,Dri-Fit No-Show,Unisex,40-42,Pink,Socks,Û 20.00,7/25/2015,8:22 PM,45496,7,30
Tokyo,Asics,Nimbus 17,Male,41,Green,Shoe,Û 128.00,7/25/2015,8:47 PM,45938,7,30
Tokyo,Nike,Pro Fierce,Female,70E,Multicolor,Bra,Û 149.00,7/25/2015,9:10 PM,40500,7,30
