Store,Brand,Type,Gender,Size,Color,Category,Sales Price,Date,Time,Loyalty,Month,
Tokyo,Asics,MB1878,Male,42,Black,Pants,Û 99.00,7/18/2015,3:44 PM,---,7,29
Tokyo,Asics,MB1878,Male,42,Black,Pants,Û 99.00,7/18/2015,3:49 PM,32976,7,29
Rotterdam,Nike,Air Zoom,Male,41,Green,Shoe,Û 220.00,7/18/2015,3:55 PM,---,7,29
Rotterdam,Nike,Hyper Elite Crew,Unisex,44-46,Green,Socks,Û 20.00,7/18/2015,4:12 PM,---,7,29
Tokyo,Asics,Kayano Single Tab,Unisex,40-42,Blue,Socks,Û 24.99,7/18/2015,4:52 PM,34776,7,29
Tokyo,Asics,WB1820,Female,38,Pink,Pants,Û 89.00,7/18/2015,4:52 PM,34776,7,29
Rotterdam,Nike,Pro Indy,Female,90B,Blue,Bra,Û 123.00,7/18/2015,4:57 PM,32374,7,29
Rotterdam,Nike,Dri-Fit No-Show,Unisex,36-38,Blue,Socks,Û 20.00,7/18/2015,5:04 PM,35920,7,29
Tokyo,Asics,MB1878,Male,44,Black,Pants,Û 99.00,7/18/2015,5:10 PM,---,7,29
Rotterdam,Nike,Pro Classic,Female,75D,Pink,Bra,Û 100.00,7/18/2015,5:38 PM,---,7,29
Tokyo,Asics,WB1820,Female,42,Black,Pants,Û 89.00,7/18/2015,8:29 AM,---,7,29
Tokyo,Asics,WB1820,Female,38,Multicolor,Pants,Û 89.00,7/18/2015,8:34 AM,---,7,29
Tokyo,Asics,WB1820,Female,36,Yellow,Pants,Û 89.00,7/18/2015,8:39 AM,50352,7,29
Tokyo,Nike,Pro Indy,Female,65C,Grey,Bra,Û 123.00,7/18/2015,8:45 AM,54241,7,29
Tokyo,Asics,WB1820,Female,38,Pink,Pants,Û 89.00,7/18/2015,9:12 AM,51195,7,29
Tokyo,Asics,Nimbus 17,Female,40,Grey,Shoe,Û 128.00,7/18/2015,10:06 AM,---,7,29
Tokyo,Nike,Pro Indy,Female,70A,Pink,Bra,Û 123.00,7/18/2015,10:14 AM,---,7,29
Tokyo,Nike,Pro Indy,Female,80F,Yellow,Bra,Û 123.00,7/18/2015,10:49 AM,53959,7,29
Tokyo,Asics,Hera Deux Single Tab,Female,36-38,Black,Socks,Û 12.99,7/18/2015,10:52 AM,53953,7,29
Tokyo,Nike,Air Zoom,Female,41,Black,Shoe,Û 230.00,7/18/2015,11:31 AM,53516,7,29
