Store,Brand,Type,Gender,Size,Color,Category,Sales Price,Date,Time,Loyalty,Month,
Tokyo,Asics,WB1820,Female,40,Yellow,Pants,Û 89.00,7/20/2015,10:18 AM,36362,7,30
Rotterdam,Nike,Pro Fierce,Female,85A,Yellow,Bra,Û 149.00,7/20/2015,10:23 AM,38330,7,30
Rotterdam,Nike,Nike Elite Match Fit Mercurial Crew,Unisex,46-48,Pink,Socks,Û 21.00,7/20/2015,10:34 AM,38628,7,30
Rotterdam,Nike,Nike Elite Match Fit Mercurial Crew,Unisex,46-48,Blue,Socks,Û 21.00,7/20/2015,10:52 AM,35427,7,30
Tokyo,Asics,Cummulus 17,Male,45,Green,Shoe,Û 159.00,7/20/2015,10:54 AM,---,7,30
Rotterdam,Nike,Air Zoom,Male,39,Multicolor,Shoe,Û 220.00,7/20/2015,11:10 AM,35123,7,30
Rotterdam,Nike,Free 5.0,Male,42,Yellow,Shoe,Û 239.00,7/20/2015,11:14 AM,---,7,30
Rotterdam,Nike,Nike Elite Match Fit Mercurial Crew,Unisex,42-44,Black,Socks,Û 21.00,7/20/2015,11:25 AM,38168,7,30
Rotterdam,Nike,Dri-Fit No-Show,Unisex,42-44,Black,Socks,Û 20.00,7/20/2015,11:30 AM,---,7,30
Tokyo,Asics,MB1878,Male,44,Black,Pants,Û 99.00,7/20/2015,11:37 AM,32363,7,30
Tokyo,Asics,WB1820,Female,41,Black,Pants,Û 89.00,7/20/2015,11:56 AM,31242,7,30
Rotterdam,Nike,Air Zoom,Male,45,Multicolor,Shoe,Û 220.00,7/20/2015,12:18 PM,35270,7,30
Tokyo,Asics,WB1820,Female,39,Pink,Pants,Û 89.00,7/20/2015,12:27 PM,34395,7,30
Tokyo,Asics,Hera Deux Single Tab,Female,40-42,Blue,Socks,Û 12.99,7/20/2015,12:39 PM,38885,7,30
Tokyo,Asics,MB1878,Male,40,Black,Pants,Û 99.00,7/20/2015,1:10 PM,---,7,30
Rotterdam,Nike,Nike Elite Match Fit Mercurial Crew,Unisex,38-40,Blue,Socks,Û 21.00,7/20/2015,1:51 PM,33823,7,30
Rotterdam,Nike,Hyper Elite Crew,Unisex,42-44,Pink,Socks,Û 20.00,7/20/2015,2:06 PM,---,7,30
Tokyo,Asics,WB1820,Female,41,Green,Pants,Û 89.00,7/20/2015,2:12 PM,---,7,30
Tokyo,Asics,Cummulus 17,Male,36,Pink,Shoe,Û 159.00,7/20/2015,2:24 PM,34262,7,30
Rotterdam,Nike,Pro Classic,Female,75E,Blue,Bra,Û 100.00,7/20/2015,2:30 PM,36089,7,30
