Store,Brand,Type,Gender,Size,Color,Category,Sales Price,Date,Time,Loyalty,Month,
Rotterdam,Nike,Nike Elite Match Fit Mercurial Crew,Unisex,36-38,Black,Socks,Û 21.00,7/26/2015,12:42 PM,---,7,31
Rotterdam,Asics,WB1820,Female,42,Pink,Pants,Û 89.00,7/26/2015,1:26 PM,37390,7,31
Rotterdam,Asics,Hera Deux Single Tab,Female,46-48,Green,Socks,Û 12.99,7/26/2015,1:43 PM,---,7,31
Rotterdam,Nike,Dri-Fit No-Show,Unisex,40-42,Pink,Socks,Û 20.00,7/26/2015,1:48 PM,34653,7,31
Rotterdam,Nike,Pro Fierce,Female,65C,Yellow,Bra,Û 149.00,7/26/2015,2:09 PM,---,7,31
Rotterdam,Asics,WB1820,Female,45,Multicolor,Pants,Û 89.00,7/26/2015,2:12 PM,34309,7,31
Rotterdam,Asics,Quick Light Cushion,Unisex,42-44,Blue,Socks,Û 19.00,7/26/2015,2:20 PM,35950,7,31
Rotterdam,Nike,Pro Classic,Female,65A,Blue,Bra,Û 100.00,7/26/2015,2:20 PM,35950,7,31
Rotterdam,Asics,MB1878,Male,46,Black,Pants,Û 99.00,7/26/2015,2:25 PM,---,7,31
Rotterdam,Nike,Dri-Fit No-Show,Unisex,44-46,Blue,Socks,Û 20.00,7/26/2015,2:46 PM,36011,7,31
Rotterdam,Asics,WB1820,Female,39,Black,Pants,Û 89.00,7/26/2015,3:09 PM,36834,7,31
Rotterdam,Asics,MB1878,Male,45,Black,Pants,Û 99.00,7/26/2015,3:11 PM,---,7,31
Rotterdam,Asics,WB2585,Female,38,Black,Pants,Û 99.00,7/26/2015,3:22 PM,39624,7,31
Rotterdam,Asics,WB2585,Female,43,Black,Pants,Û 99.00,7/26/2015,3:24 PM,---,7,31
Rotterdam,Asics,MB1878,Male,46,Black,Pants,Û 99.00,7/26/2015,3:26 PM,37829,7,31
Rotterdam,Asics,MB1878,Male,45,Black,Pants,Û 99.00,7/26/2015,3:52 PM,35277,7,31
Rotterdam,Asics,WB1820,Female,39,Blue,Pants,Û 89.00,7/26/2015,3:52 PM,35277,7,31
Rotterdam,Nike,Nike Elite Match Fit Mercurial Crew,Unisex,44-46,Blue,Socks,Û 21.00,7/26/2015,3:52 PM,35277,7,31
Rotterdam,Asics,Quick Light Cushion,Unisex,42-44,Black,Socks,Û 19.00,7/26/2015,4:03 PM,---,7,31
Rotterdam,Asics,Kayano Single Tab,Unisex,44-46,Blue,Socks,Û 24.99,7/26/2015,4:03 PM,---,7,31
