Store,Brand,Type,Gender,Size,Color,Category,Sales Price,Date,Time,Loyalty,Month,
Tokyo,Adidas,Boston 5,Male,45,Pink,Shoe,Û 125.00,7/25/2015,10:59 AM,---,7,30
Tokyo,Adidas,Boston 5,Male,39,Grey,Shoe,Û 125.00,7/25/2015,10:38 AM,---,7,30
Tokyo,Adidas,Boston 5,Male,45,Grey,Shoe,Û 125.00,7/25/2015,2:51 PM,56995,7,30
Tokyo,Adidas,Rocket Boost,Female,38,Pink,Shoe,Û 100.00,7/25/2015,1:30 PM,---,7,30
Tokyo,Adidas,Rocket Boost,Female,44,Black,Shoe,Û 100.00,7/25/2015,11:28 AM,44858,7,30
Tokyo,Asics,MB1878,Male,40,Black,Pants,Û 99.00,7/26/2015,7:22 AM,46759,7,31
Tokyo,Nike,Air Zoom,Male,39,Grey,Shoe,Û 220.00,7/26/2015,7:22 AM,46759,7,31
Tokyo,Asics,Gel Quantics ,Male,38,Multicolor,Shoe,Û 120.00,7/26/2015,8:54 AM,46439,7,31
Tokyo,Asics,Hera Deux Single Tab,Female,36-38,Green,Socks,Û 12.99,7/26/2015,9:10 AM,---,7,31
Tokyo,Asics,Quick Light Cushion,Unisex,42-44,Green,Socks,Û 19.00,7/26/2015,9:18 AM,---,7,31
Tokyo,Asics,Hera Deux Single Tab,Female,42-44,Black,Socks,Û 12.99,7/26/2015,9:41 AM,---,7,31
Tokyo,Asics,WB2585,Female,41,Black,Pants,Û 99.00,7/26/2015,10:04 AM,40000,7,31
Tokyo,Nike,Air Zoom,Male,44,Green,Shoe,Û 220.00,7/26/2015,10:07 AM,---,7,31
Tokyo,Asics,WB1820,Female,45,Blue,Pants,Û 89.00,7/26/2015,10:13 AM,48235,7,31
Tokyo,Asics,WB2585,Female,40,Black,Pants,Û 99.00,7/26/2015,10:22 AM,49126,7,31
Tokyo,Asics,WB1820,Female,37,Multicolor,Pants,Û 89.00,7/26/2015,10:42 AM,---,7,31
Tokyo,Asics,MB1878,Male,42,Black,Pants,Û 99.00,7/26/2015,10:45 AM,49424,7,31
Tokyo,Asics,WB1820,Female,42,Multicolor,Pants,Û 89.00,7/26/2015,11:39 AM,42220,7,31
Tokyo,Asics,MB1878,Male,45,Black,Pants,Û 99.00,7/26/2015,12:27 PM,41276,7,31
Tokyo,Asics,Quick Light Cushion,Unisex,42-44,Pink,Socks,Û 19.00,7/26/2015,12:34 PM,---,7,31
