Store,Brand,Type,Gender,Size,Color,Category,Sales Price,Date,Time,Loyalty,Month,
Tokyo,Nike,Pro Fierce,Female,70E,Yellow,Bra,Û 149.00,7/21/2015,8:58 PM,---,7,30
Tokyo,Nike,Nike Elite Match Fit Mercurial Crew,Unisex,46-48,Green,Socks,Û 21.00,7/21/2015,9:10 PM,49767,7,30
Tokyo,Asics,WB1820,Female,36,Blue,Pants,Û 89.00,7/21/2015,9:30 PM,---,7,30
Tokyo,Asics,WB1820,Female,41,Grey,Pants,Û 89.00,7/21/2015,9:54 PM,41623,7,30
Tokyo,Asics,Kayano Single Tab,Unisex,40-42,Blue,Socks,Û 24.99,7/21/2015,9:57 PM,44627,7,30
Tokyo,Asics,WB1820,Female,37,Pink,Pants,Û 89.00,7/21/2015,10:14 PM,---,7,30
Tokyo,Nike,Nike Elite Match Fit Mercurial Crew,Unisex,44-46,Green,Socks,Û 21.00,7/21/2015,11:18 PM,41736,7,30
Tokyo,Asics,Hera Deux Single Tab,Female,40-42,Green,Socks,Û 12.99,7/21/2015,11:21 PM,44471,7,30
Rotterdam,Nike,Free 5.0,Male,38,Yellow,Shoe,Û 239.00,7/21/2015,9:32 AM,35003,7,30
Rotterdam,Nike,Nike Elite Match Fit Mercurial Crew,Unisex,38-40,Black,Socks,Û 21.00,7/21/2015,9:37 AM,---,7,30
Tokyo,Asics,MB1878,Male,39,Black,Pants,Û 99.00,7/21/2015,9:37 AM,---,7,30
Rotterdam,Nike,Dri-Fit No-Show,Unisex,40-42,Black,Socks,Û 20.00,7/21/2015,9:40 AM,---,7,30
Tokyo,Asics,Quick Light Cushion,Unisex,40-42,Pink,Socks,Û 19.00,7/21/2015,9:42 AM,---,7,30
Tokyo,Asics,MB1878,Male,36,Black,Pants,Û 99.00,7/21/2015,9:50 AM,38666,7,30
Rotterdam,Nike,Pro Hero,Female,80D,Multicolor,Bra,Û 99.00,7/21/2015,9:55 AM,33581,7,30
Tokyo,Asics,WB2585,Female,36,Black,Pants,Û 99.00,7/21/2015,10:05 AM,32478,7,30
Tokyo,Asics,Nimbus 17,Male,38,Blue,Shoe,Û 128.00,7/21/2015,10:30 AM,31126,7,30
Tokyo,Asics,WB1820,Female,46,Green,Pants,Û 89.00,7/21/2015,10:36 AM,---,7,30
Rotterdam,Nike,Hyper Elite Crew,Unisex,42-44,Green,Socks,Û 20.00,7/21/2015,10:43 AM,30687,7,30
Rotterdam,Nike,Free 5.0,Male,38,Green,Shoe,Û 239.00,7/21/2015,10:44 AM,---,7,30
