Store,Brand,Type,Gender,Size,Color,Category,Sales Price,Date,Time,Loyalty,Month,
Tokyo,Asics,Quick Light Cushion,Unisex,40-42,Black,Socks,Û 19.00,7/16/2015,9:01 PM,50300,7,29
Tokyo,Nike,Hyper Elite Crew,Unisex,44-46,Blue,Socks,Û 20.00,7/16/2015,10:50 PM,---,7,29
Tokyo,Nike,Free 5.0,Female,44,Blue,Shoe,Û 239.00,7/16/2015,11:11 PM,50117,7,29
Tokyo,Adidas,Boston 5,Male,37,Black,Shoe,Û 125.00,7/16/2015,2:04 PM,56141,7,29
Tokyo,Adidas,Rocket Boost,Male,39,Yellow,Shoe,Û 110.00,7/16/2015,11:30 AM,54649,7,29
Tokyo,Adidas,Boston 5,Male,40,Yellow,Shoe,Û 125.00,7/16/2015,3:04 PM,46193,7,29
Tokyo,Adidas,Rocket Boost,Male,43,Black,Shoe,Û 110.00,7/16/2015,11:58 AM,---,7,29
Tokyo,Adidas,Rocket Boost,Male,45,Pink,Shoe,Û 110.00,7/16/2015,11:10 AM,58757,7,29
Tokyo,Adidas,Ultra Boost,Male,44,Green,Shoe,Û 139.00,7/16/2015,11:50 AM,48851,7,29
Tokyo,Adidas,Boston 5,Male,46,Black,Shoe,Û 125.00,7/16/2015,3:27 PM,58190,7,29
Tokyo,Adidas,Rocket Boost,Male,46,Black,Shoe,Û 110.00,7/16/2015,9:37 AM,---,7,29
Tokyo,Adidas,Rocket Boost,Male,39,Yellow,Shoe,Û 110.00,7/16/2015,11:07 AM,---,7,29
Tokyo,Adidas,Rocket Boost,Female,41,Black,Shoe,Û 100.00,7/16/2015,11:07 AM,43147,7,29
Tokyo,Asics,WB1820,Female,36,Multicolor,Pants,Û 89.00,7/17/2015,7:32 AM,---,7,29
Tokyo,Asics,MB1878,Male,39,Black,Pants,Û 99.00,7/17/2015,9:10 AM,47099,7,29
Tokyo,Asics,Nimbus 17,Male,46,Yellow,Shoe,Û 128.00,7/17/2015,9:48 AM,---,7,29
Tokyo,Asics,MB1878,Male,43,Black,Pants,Û 99.00,7/17/2015,10:32 AM,---,7,29
Tokyo,Asics,Quick Light Cushion,Unisex,36-38,Pink,Socks,Û 19.00,7/17/2015,10:58 AM,---,7,29
Tokyo,Asics,MB1878,Male,38,Black,Pants,Û 99.00,7/17/2015,11:26 AM,47627,7,29
Tokyo,Asics,WB1820,Female,46,Pink,Pants,Û 89.00,7/17/2015,12:07 PM,45254,7,29
