Store,Brand,Type,Gender,Size,Color,Category,Sales Price,Date,Time,Loyalty,Month,
Rotterdam,Asics,MB1878,Male,38,Black,Pants,Û 99.00,7/27/2015,10:16 AM,30209,7,31
Rotterdam,Nike,Air Zoom,Female,37,Blue,Shoe,Û 230.00,7/27/2015,10:26 AM,37780,7,31
Rotterdam,Nike,Pro Indy,Female,80A,Grey,Bra,Û 123.00,7/27/2015,10:33 AM,31389,7,31
Rotterdam,Nike,Pro Classic,Female,75D,Pink,Bra,Û 100.00,7/27/2015,10:56 AM,---,7,31
Rotterdam,Nike,Free 5.0,Female,45,Pink,Shoe,Û 239.00,7/27/2015,11:14 AM,34534,7,31
Rotterdam,Nike,Pro Classic,Female,85F,Pink,Bra,Û 100.00,7/27/2015,11:35 AM,---,7,31
Rotterdam,Nike,Pro Hero,Female,70A,Blue,Bra,Û 99.00,7/27/2015,11:58 AM,---,7,31
Rotterdam,Asics,WB1820,Female,42,Blue,Pants,Û 89.00,7/27/2015,12:21 PM,32166,7,31
Rotterdam,Asics,Quick Light Cushion,Unisex,42-44,Pink,Socks,Û 19.00,7/27/2015,12:26 PM,---,7,31
Rotterdam,Asics,Hera Deux Single Tab,Female,46-48,Green,Socks,Û 12.99,7/27/2015,12:37 PM,---,7,31
Rotterdam,Asics,WB1820,Female,44,Black,Pants,Û 89.00,7/27/2015,12:37 PM,---,7,31
Rotterdam,Nike,Hyper Elite Crew,Unisex,42-44,Blue,Socks,Û 20.00,7/27/2015,12:42 PM,31087,7,31
Rotterdam,Nike,Hyper Elite Crew,Unisex,42-44,Pink,Socks,Û 20.00,7/27/2015,12:49 PM,36525,7,31
Rotterdam,Nike,Dri-Fit No-Show,Unisex,40-42,Black,Socks,Û 20.00,7/27/2015,1:00 PM,31856,7,31
Rotterdam,Nike,Nike Elite Match Fit Mercurial Crew,Unisex,42-44,Blue,Socks,Û 21.00,7/27/2015,1:07 PM,30683,7,31
Rotterdam,Nike,Pro Indy,Female,90D,Multicolor,Bra,Û 123.00,7/27/2015,1:08 PM,---,7,31
Rotterdam,Asics,WB1820,Female,41,Green,Pants,Û 89.00,7/27/2015,1:16 PM,33252,7,31
Rotterdam,Asics,WB2585,Female,39,Black,Pants,Û 99.00,7/27/2015,1:28 PM,34397,7,31
Rotterdam,Asics,Quick Light Cushion,Unisex,44-46,Blue,Socks,Û 19.00,7/27/2015,1:28 PM,34397,7,31
Rotterdam,Asics,MB1878,Male,39,Black,Pants,Û 99.00,7/27/2015,1:49 PM,35005,7,31
