Store,Brand,Type,Gender,Size,Color,Category,Sales Price,Date,Time,Loyalty,Month,
Tokyo,Nike,Pro Hero,Female,70A,Blue,Bra,Û 99.00,7/23/2015,2:32 PM,52714,7,30
Tokyo,Nike,Nike Elite Match Fit Mercurial Crew,Unisex,44-46,Blue,Socks,Û 21.00,7/23/2015,3:11 PM,59888,7,30
Tokyo,Nike,Nike Elite Match Fit Mercurial Crew,Unisex,38-40,Black,Socks,Û 21.00,7/23/2015,3:18 PM,---,7,30
Tokyo,Nike,Dri-Fit No-Show,Unisex,36-38,Black,Socks,Û 20.00,7/23/2015,3:23 PM,58238,7,30
Tokyo,Nike,Pro Classic,Female,75B,Multicolor,Bra,Û 100.00,7/23/2015,3:50 PM,---,7,30
Tokyo,Nike,Pro Indy,Female,65C,Multicolor,Bra,Û 123.00,7/23/2015,3:57 PM,56418,7,30
Tokyo,Nike,Nike Elite Match Fit Mercurial Crew,Unisex,42-44,Blue,Socks,Û 21.00,7/23/2015,4:24 PM,---,7,30
Tokyo,Asics,WB1820,Female,41,Pink,Pants,Û 89.00,7/23/2015,4:40 PM,52032,7,30
Tokyo,Nike,Pro Fierce,Female,65F,Grey,Bra,Û 149.00,7/23/2015,4:53 PM,56163,7,30
Tokyo,Asics,Kayano Single Tab,Unisex,46-48,Blue,Socks,Û 24.99,7/23/2015,4:55 PM,50271,7,30
Tokyo,Nike,Nike Elite Match Fit Mercurial Crew,Unisex,42-44,Pink,Socks,Û 21.00,7/23/2015,4:55 PM,50271,7,30
Tokyo,Asics,Hera Deux Single Tab,Female,42-44,Blue,Socks,Û 12.99,7/23/2015,5:12 PM,---,7,30
Tokyo,Asics,Quick Light Cushion,Unisex,44-46,Pink,Socks,Û 19.00,7/23/2015,5:35 PM,51568,7,30
Tokyo,Nike,Pro Fierce,Female,85B,Yellow,Bra,Û 149.00,7/23/2015,6:01 PM,56880,7,30
Tokyo,Nike,Dri-Fit No-Show,Unisex,36-38,Green,Socks,Û 20.00,7/23/2015,6:05 PM,59586,7,30
Tokyo,Asics,Hera Deux Single Tab,Female,40-42,Pink,Socks,Û 12.99,7/23/2015,7:12 PM,---,7,30
Tokyo,Nike,Free 5.0,Female,38,Black,Shoe,Û 239.00,7/23/2015,7:43 PM,54086,7,30
Tokyo,Nike,Pro Classic,Female,90D,Multicolor,Bra,Û 100.00,7/23/2015,7:48 PM,---,7,30
Tokyo,Nike,Hyper Elite Crew,Unisex,40-42,Blue,Socks,Û 20.00,7/23/2015,7:53 PM,---,7,30
Tokyo,Asics,WB1820,Female,39,Black,Pants,Û 89.00,7/23/2015,8:05 PM,58539,7,30
