Store,Brand,Type,Gender,Size,Color,Category,Sales Price,Date,Time,Loyalty,Month,
Tokyo,Asics,MB1878,Male,39,Black,Pants,Û 99.00,7/20/2015,2:30 PM,36089,7,30
Tokyo,Asics,WB1820,Female,42,Pink,Pants,Û 89.00,7/20/2015,2:46 PM,---,7,30
Tokyo,Asics,WB2585,Female,45,Black,Pants,Û 99.00,7/20/2015,2:58 PM,---,7,30
Tokyo,Asics,MB1878,Male,41,Black,Pants,Û 99.00,7/20/2015,3:01 PM,---,7,30
Tokyo,Asics,WB1820,Female,43,Black,Pants,Û 89.00,7/20/2015,3:08 PM,35663,7,30
Tokyo,Asics,WB1820,Female,38,Yellow,Pants,Û 89.00,7/20/2015,3:22 PM,---,7,30
Tokyo,Asics,WB1820,Female,39,Multicolor,Pants,Û 89.00,7/20/2015,3:26 PM,39374,7,30
Tokyo,Asics,MB1878,Male,40,Black,Pants,Û 99.00,7/20/2015,3:27 PM,36775,7,30
Rotterdam,Nike,Pro Fierce,Female,85D,Yellow,Bra,Û 149.00,7/20/2015,3:37 PM,38488,7,30
Tokyo,Asics,Kayano Single Tab,Unisex,46-48,Black,Socks,Û 24.99,7/20/2015,3:39 PM,---,7,30
Rotterdam,Adidas,Ultra Boost,Female,36,Yellow,Shoe,Û 139.00,7/20/2015,3:40 PM,37879,7,30
Rotterdam,Nike,Hyper Elite Crew,Unisex,40-42,Blue,Socks,Û 20.00,7/20/2015,3:54 PM,31025,7,30
Tokyo,Asics,WB1820,Female,37,Green,Pants,Û 89.00,7/20/2015,3:54 PM,31025,7,30
Tokyo,Asics,Hera Deux Single Tab,Female,44-46,Pink,Socks,Û 12.99,7/20/2015,3:57 PM,33242,7,30
Tokyo,Asics,WB1820,Female,46,Multicolor,Pants,Û 89.00,7/20/2015,4:07 PM,31367,7,30
Tokyo,Asics,WB2585,Female,46,Black,Pants,Û 99.00,7/20/2015,4:31 PM,36611,7,30
Rotterdam,Nike,Air Zoom,Male,38,Blue,Shoe,Û 220.00,7/20/2015,4:39 PM,35227,7,30
Tokyo,Asics,WB1820,Female,41,Green,Pants,Û 89.00,7/20/2015,4:41 PM,32290,7,30
Rotterdam,Nike,Pro Hero,Female,80C,Grey,Bra,Û 99.00,7/20/2015,4:57 PM,31623,7,30
Rotterdam,Nike,Elite Compression,Unisex,42-44,Black,Socks,Û 23.99,7/20/2015,5:15 PM,32866,7,30
