Store,Brand,Type,Gender,Size,Color,Category,Sales Price,Date,Time,Loyalty,Month,
Tokyo,Asics,Quick Light Cushion,Unisex,36-38,Blue,Socks,Û 19.00,7/15/2015,2:52 PM,---,7,29
Tokyo,Asics,WB2585,Female,46,Black,Pants,Û 99.00,7/15/2015,2:52 PM,---,7,29
Tokyo,Nike,Hyper Elite Crew,Unisex,38-40,Green,Socks,Û 20.00,7/15/2015,2:54 PM,40592,7,29
Tokyo,Asics,Hera Deux Single Tab,Female,40-42,Green,Socks,Û 12.99,7/15/2015,2:55 PM,40776,7,29
Tokyo,Asics,WB1820,Female,46,Grey,Pants,Û 89.00,7/15/2015,3:10 PM,41295,7,29
Tokyo,Asics,MB1878,Male,37,Black,Pants,Û 99.00,7/15/2015,3:31 PM,40145,7,29
Tokyo,Asics,Gel Quantics ,Male,37,Green,Shoe,Û 120.00,7/15/2015,3:59 PM,43360,7,29
Tokyo,Asics,Hera Deux Single Tab,Female,46-48,Blue,Socks,Û 12.99,7/15/2015,4:03 PM,47285,7,29
Tokyo,Nike,Pro Hero,Female,80A,Pink,Bra,Û 99.00,7/15/2015,5:24 PM,---,7,29
Tokyo,Asics,WB2585,Female,40,Black,Pants,Û 99.00,7/15/2015,5:44 PM,41614,7,29
Tokyo,Nike,Pro Fierce,Female,80B,Multicolor,Bra,Û 149.00,7/15/2015,6:43 PM,44154,7,29
Tokyo,Asics,MB1878,Male,40,Black,Pants,Û 99.00,7/15/2015,6:59 PM,---,7,29
Tokyo,Nike,Nike Elite Match Fit Mercurial Crew,Unisex,38-40,Black,Socks,Û 21.00,7/15/2015,7:03 PM,40269,7,29
Tokyo,Asics,WB1820,Female,45,Yellow,Pants,Û 89.00,7/15/2015,7:30 PM,---,7,29
Tokyo,Asics,WB2585,Female,40,Black,Pants,Û 99.00,7/15/2015,7:36 PM,---,7,29
Tokyo,Asics,WB1820,Female,38,Pink,Pants,Û 89.00,7/15/2015,7:36 PM,---,7,29
Tokyo,Nike,Dri-Fit No-Show,Unisex,40-42,Pink,Socks,Û 20.00,7/15/2015,7:43 PM,43933,7,29
Tokyo,Nike,Pro Fierce,Female,80C,Yellow,Bra,Û 149.00,7/15/2015,7:56 PM,---,7,29
Tokyo,Asics,WB1820,Female,43,Black,Pants,Û 89.00,7/15/2015,8:00 PM,44254,7,29
Tokyo,Nike,Dri-Fit No-Show,Unisex,42-44,Pink,Socks,Û 20.00,7/15/2015,8:13 PM,45694,7,29
