Store,Brand,Type,Gender,Size,Color,Category,Sales Price,Date,Time,Loyalty,Month,
Tokyo,Nike,Dri-Fit No-Show,Unisex,44-46,Green,Socks,Û 20.00,7/17/2015,4:59 PM,38030,7,29
Tokyo,Nike,Free 5.0,Female,43,Multicolor,Shoe,Û 239.00,7/17/2015,4:59 PM,38030,7,29
Tokyo,Asics,MB1878,Male,46,Black,Pants,Û 99.00,7/17/2015,8:58 AM,57718,7,29
Tokyo,Asics,WB1820,Female,39,Blue,Pants,Û 89.00,7/17/2015,9:08 AM,52152,7,29
Tokyo,Asics,WB1820,Female,36,Yellow,Pants,Û 89.00,7/17/2015,9:54 AM,56488,7,29
Tokyo,Nike,Pro Fierce,Female,70B,Black,Bra,Û 149.00,7/17/2015,10:55 AM,51786,7,29
Tokyo,Nike,Dri-Fit No-Show,Unisex,46-48,Black,Socks,Û 20.00,7/17/2015,11:08 AM,59414,7,29
Tokyo,Nike,Hyper Elite Crew,Unisex,38-40,Black,Socks,Û 20.00,7/17/2015,11:51 AM,56176,7,29
Tokyo,Nike,Air Zoom,Male,44,Grey,Shoe,Û 220.00,7/17/2015,12:24 PM,---,7,29
Tokyo,Nike,Pro Fierce,Female,65E,Black,Bra,Û 149.00,7/17/2015,12:33 PM,54499,7,29
Tokyo,Asics,Kayano Single Tab,Unisex,36-38,Green,Socks,Û 24.99,7/17/2015,12:37 PM,57630,7,29
Tokyo,Asics,WB1820,Female,46,Grey,Pants,Û 89.00,7/17/2015,12:48 PM,50847,7,29
Tokyo,Nike,Pro Fierce,Female,75F,Pink,Bra,Û 149.00,7/17/2015,1:06 PM,---,7,29
Tokyo,Asics,MB1878,Male,38,Black,Pants,Û 99.00,7/17/2015,2:41 PM,---,7,29
Tokyo,Nike,Nike Elite Match Fit Mercurial Crew,Unisex,36-38,Blue,Socks,Û 21.00,7/17/2015,2:44 PM,50191,7,29
Tokyo,Nike,Nike Elite Match Fit Mercurial Crew,Unisex,46-48,Black,Socks,Û 21.00,7/17/2015,3:00 PM,---,7,29
Tokyo,Nike,Dri-Fit No-Show,Unisex,40-42,Pink,Socks,Û 20.00,7/17/2015,3:01 PM,55209,7,29
Tokyo,Nike,Dri-Fit No-Show,Unisex,38-40,Pink,Socks,Û 20.00,7/17/2015,3:10 PM,56331,7,29
Tokyo,Asics,MB1878,Male,38,Black,Pants,Û 99.00,7/17/2015,3:34 PM,52036,7,29
Tokyo,Nike,Nike Elite Match Fit Mercurial Crew,Unisex,42-44,Pink,Socks,Û 21.00,7/17/2015,3:51 PM,---,7,29
