Store,Brand,Type,Gender,Size,Color,Category,Sales Price,Date,Time,Loyalty,Month,
Tokyo,Asics,WB1820,Female,42,Blue,Pants,Û 89.00,7/21/2015,5:26 PM,54847,7,30
Tokyo,Nike,Nike Elite Match Fit Mercurial Crew,Unisex,44-46,Black,Socks,Û 21.00,7/21/2015,5:28 PM,---,7,30
Tokyo,Nike,Pro Fierce,Female,80B,Black,Bra,Û 149.00,7/21/2015,5:29 PM,55313,7,30
Tokyo,Nike,Nike Elite Match Fit Mercurial Crew,Unisex,42-44,Green,Socks,Û 21.00,7/21/2015,5:39 PM,55411,7,30
Tokyo,Nike,Pro Hero,Female,90E,Grey,Bra,Û 99.00,7/21/2015,6:12 PM,52033,7,30
Tokyo,Nike,Free 5.0,Male,43,Multicolor,Shoe,Û 239.00,7/21/2015,6:15 PM,58956,7,30
Tokyo,Asics,WB1820,Female,39,Green,Pants,Û 89.00,7/21/2015,6:18 PM,---,7,30
Tokyo,Asics,MB1878,Male,40,Black,Pants,Û 99.00,7/21/2015,6:21 PM,55987,7,30
Tokyo,Nike,Hyper Elite Crew,Unisex,40-42,Black,Socks,Û 20.00,7/21/2015,7:04 PM,55120,7,30
Tokyo,Asics,Kayano Single Tab,Unisex,36-38,Green,Socks,Û 24.99,7/21/2015,8:22 PM,59768,7,30
Tokyo,Asics,Hera Deux Single Tab,Female,44-46,Blue,Socks,Û 12.99,7/21/2015,8:35 PM,55674,7,30
Tokyo,Asics,MB1878,Male,38,Black,Pants,Û 99.00,7/21/2015,8:58 PM,---,7,30
Tokyo,Asics,MB1878,Male,37,Black,Pants,Û 99.00,7/21/2015,9:01 PM,53582,7,30
Tokyo,Asics,Kayano Single Tab,Unisex,46-48,Green,Socks,Û 24.99,7/21/2015,9:07 PM,---,7,30
Tokyo,Asics,WB1820,Female,39,Multicolor,Pants,Û 89.00,7/21/2015,9:07 PM,---,7,30
Tokyo,Asics,MB1878,Male,43,Black,Pants,Û 99.00,7/21/2015,9:12 PM,---,7,30
Tokyo,Nike,Dri-Fit No-Show,Unisex,42-44,Blue,Socks,Û 20.00,7/21/2015,9:12 PM,---,7,30
Tokyo,Nike,Dri-Fit No-Show,Unisex,36-38,Blue,Socks,Û 20.00,7/21/2015,9:43 PM,54194,7,30
Tokyo,Nike,Pro Fierce,Female,70E,Multicolor,Bra,Û 149.00,7/21/2015,10:03 PM,---,7,30
Tokyo,Nike,Pro Fierce,Female,90E,Grey,Bra,Û 149.00,7/21/2015,10:04 PM,50600,7,30
