Store,Brand,Type,Gender,Size,Color,Category,Sales Price,Date,Time,Loyalty,Month,
Tokyo,Asics,WB1820,Female,43,Multicolor,Pants,Û 89.00,7/25/2015,9:43 PM,41673,7,30
Tokyo,Asics,WB1820,Female,38,Multicolor,Pants,Û 89.00,7/25/2015,10:03 PM,---,7,30
Tokyo,Asics,Hera Deux Single Tab,Female,44-46,Green,Socks,Û 12.99,7/25/2015,10:13 PM,45348,7,30
Tokyo,Asics,WB1820,Female,44,Green,Pants,Û 89.00,7/25/2015,10:20 PM,48565,7,30
Tokyo,Asics,Quick Light Cushion,Unisex,46-48,Black,Socks,Û 19.00,7/25/2015,10:49 PM,44396,7,30
Tokyo,Asics,WB1820,Female,42,Black,Pants,Û 89.00,7/25/2015,11:00 PM,---,7,30
Tokyo,Asics,WB1820,Female,39,Black,Pants,Û 89.00,7/25/2015,11:52 PM,---,7,30
Rotterdam,Asics,WB1820,Female,39,Yellow,Pants,Û 89.00,7/25/2015,9:32 AM,39894,7,30
Rotterdam,Asics,WB1820,Female,41,Green,Pants,Û 89.00,7/25/2015,9:47 AM,31421,7,30
Rotterdam,Asics,Kayano Single Tab,Unisex,40-42,Black,Socks,Û 24.99,7/25/2015,9:54 AM,38999,7,30
Rotterdam,Nike,Pro Fierce,Female,65E,Blue,Bra,Û 149.00,7/25/2015,9:55 AM,---,7,30
Rotterdam,Nike,Pro Fierce,Female,75F,Grey,Bra,Û 149.00,7/25/2015,10:00 AM,35129,7,30
Rotterdam,Nike,Pro Fierce,Female,75C,Pink,Bra,Û 149.00,7/25/2015,10:28 AM,31398,7,30
Rotterdam,Asics,MB1878,Male,42,Black,Pants,Û 99.00,7/25/2015,10:28 AM,---,7,30
Rotterdam,Asics,WB1820,Female,37,Yellow,Pants,Û 89.00,7/25/2015,10:34 AM,32258,7,30
Rotterdam,Asics,WB1820,Female,45,Pink,Pants,Û 89.00,7/25/2015,10:49 AM,38574,7,30
Rotterdam,Nike,Pro Fierce,Female,85F,Green,Bra,Û 149.00,7/25/2015,10:51 AM,---,7,30
Rotterdam,Nike,Pro Hero,Female,90D,Multicolor,Bra,Û 99.00,7/25/2015,10:51 AM,---,7,30
Rotterdam,Asics,WB2585,Female,36,Black,Pants,Û 99.00,7/25/2015,10:59 AM,39639,7,30
Rotterdam,Asics,WB1820,Female,37,Grey,Pants,Û 89.00,7/25/2015,11:25 AM,37998,7,30
