Store,Brand,Type,Gender,Size,Color,Category,Sales Price,Date,Time,Loyalty,Month,
Tokyo,Nike,Dri-Fit No-Show,Unisex,42-44,Green,Socks,Û 20.00,7/23/2015,8:47 AM,49373,7,30
Tokyo,Asics,Kayano Single Tab,Unisex,46-48,Green,Socks,Û 24.99,7/23/2015,9:04 AM,47736,7,30
Tokyo,Asics,MB1878,Male,45,Black,Pants,Û 99.00,7/23/2015,9:31 AM,47275,7,30
Tokyo,Asics,WB1820,Female,46,Black,Pants,Û 89.00,7/23/2015,10:01 AM,46889,7,30
Tokyo,Nike,Nike Elite Match Fit Mercurial Crew,Unisex,38-40,Black,Socks,Û 21.00,7/23/2015,10:26 AM,---,7,30
Tokyo,Asics,WB1820,Female,44,Multicolor,Pants,Û 89.00,7/23/2015,10:30 AM,47009,7,30
Tokyo,Nike,Hyper Elite Crew,Unisex,38-40,Blue,Socks,Û 20.00,7/23/2015,10:46 AM,---,7,30
Tokyo,Asics,Kayano Single Tab,Unisex,38-40,Pink,Socks,Û 24.99,7/23/2015,11:02 AM,48470,7,30
Tokyo,Nike,Nike Elite Match Fit Mercurial Crew,Unisex,40-42,Blue,Socks,Û 21.00,7/23/2015,11:38 AM,42849,7,30
Tokyo,Nike,Nike Elite Match Fit Mercurial Crew,Unisex,46-48,Pink,Socks,Û 21.00,7/23/2015,11:49 AM,46849,7,30
Tokyo,Asics,Kayano Single Tab,Unisex,38-40,Pink,Socks,Û 24.99,7/23/2015,12:30 PM,44302,7,30
Tokyo,Asics,Cummulus 17,Male,42,Black,Shoe,Û 159.00,7/23/2015,12:40 PM,---,7,30
Tokyo,Asics,Hera Deux Single Tab,Female,44-46,Pink,Socks,Û 12.99,7/23/2015,1:12 PM,---,7,30
Tokyo,Nike,Dri-Fit No-Show,Unisex,38-40,Pink,Socks,Û 20.00,7/23/2015,1:46 PM,44606,7,30
Tokyo,Asics,WB1820,Female,41,Multicolor,Pants,Û 89.00,7/23/2015,2:16 PM,---,7,30
Tokyo,Asics,WB2585,Female,45,Black,Pants,Û 99.00,7/23/2015,2:28 PM,42141,7,30
Tokyo,Asics,MB1878,Male,45,Black,Pants,Û 99.00,7/23/2015,2:52 PM,---,7,30
Tokyo,Asics,WB2585,Female,40,Black,Pants,Û 99.00,7/23/2015,3:31 PM,48504,7,30
Tokyo,Asics,WB1820,Female,39,Green,Pants,Û 89.00,7/23/2015,3:44 PM,44146,7,30
Tokyo,Nike,Pro Classic,Female,65B,Multicolor,Bra,Û 100.00,7/23/2015,3:46 PM,49129,7,30
