Store,Brand,Type,Gender,Size,Color,Category,Sales Price,Date,Time,Loyalty,Month,
Tokyo,Nike,Pro Indy,Female,80E,Grey,Bra,Û 123.00,7/18/2015,9:59 PM,---,7,29
Tokyo,Asics,WB1820,Female,37,Green,Pants,Û 89.00,7/18/2015,10:14 PM,53682,7,29
Tokyo,Nike,Pro Hero,Female,80F,Grey,Bra,Û 99.00,7/18/2015,10:32 PM,55681,7,29
Tokyo,Nike,Hyper Elite Crew,Unisex,46-48,Green,Socks,Û 20.00,7/18/2015,10:36 PM,52392,7,29
Tokyo,Nike,Dri-Fit No-Show,Unisex,44-46,Pink,Socks,Û 20.00,7/18/2015,10:49 PM,53398,7,29
Tokyo,Adidas,Boston 5,Female,41,Green,Shoe,Û 120.00,7/18/2015,1:13 PM,57921,7,29
Tokyo,Adidas,Boston 5,Male,44,Pink,Shoe,Û 125.00,7/18/2015,2:09 PM,43438,7,29
Tokyo,Adidas,Ultra Boost,Male,38,Multicolor,Shoe,Û 139.00,7/18/2015,10:18 AM,---,7,29
Tokyo,Adidas,Boston 5,Male,36,Grey,Shoe,Û 125.00,7/18/2015,3:21 PM,58444,7,29
Tokyo,Adidas,Boston 5,Male,40,Pink,Shoe,Û 125.00,7/18/2015,2:20 PM,---,7,29
Tokyo,Adidas,Rocket Boost,Male,44,Black,Shoe,Û 110.00,7/18/2015,4:31 PM,40756,7,29
Tokyo,Adidas,Rocket Boost,Male,36,Blue,Shoe,Û 110.00,7/18/2015,5:01 PM,---,7,29
Tokyo,Adidas,Boston 5,Female,44,Pink,Shoe,Û 120.00,7/18/2015,5:19 PM,53785,7,29
Tokyo,Adidas,Boston 5,Male,43,Black,Shoe,Û 125.00,7/18/2015,1:28 PM,51778,7,29
Tokyo,Adidas,Rocket Boost,Male,40,Yellow,Shoe,Û 110.00,7/18/2015,1:13 PM,---,7,29
Tokyo,Adidas,Boston 5,Female,40,Blue,Shoe,Û 120.00,7/18/2015,1:31 PM,46577,7,29
Tokyo,Adidas,Boston 5,Female,40,Multicolor,Shoe,Û 120.00,7/18/2015,4:56 PM,46496,7,29
Tokyo,Adidas,Boston 5,Male,37,Grey,Shoe,Û 125.00,7/18/2015,5:24 PM,48117,7,29
Tokyo,Adidas,Rocket Boost,Male,41,Blue,Shoe,Û 110.00,7/18/2015,3:54 PM,48165,7,29
Tokyo,Asics,WB1820,Female,37,Multicolor,Pants,Û 89.00,7/19/2015,8:05 AM,---,7,30
