Store,Brand,Type,Gender,Size,Color,Category,Sales Price,Date,Time,Loyalty,Month,
Tokyo,Asics,WB1820,Female,38,Pink,Pants,Û 89.00,7/18/2015,11:49 AM,49639,7,29
Tokyo,Asics,WB2585,Female,44,Black,Pants,Û 99.00,7/18/2015,12:04 PM,42649,7,29
Tokyo,Asics,Kayano Single Tab,Unisex,40-42,Blue,Socks,Û 24.99,7/18/2015,12:10 PM,41749,7,29
Tokyo,Nike,Nike Elite Match Fit Mercurial Crew,Unisex,38-40,Green,Socks,Û 21.00,7/18/2015,12:12 PM,49869,7,29
Tokyo,Nike,Air Zoom,Male,40,Yellow,Shoe,Û 230.00,7/18/2015,12:34 PM,48704,7,29
Tokyo,Asics,MB1878,Male,36,Black,Pants,Û 99.00,7/18/2015,1:07 PM,---,7,29
Tokyo,Asics,Hera Deux Single Tab,Female,44-46,Pink,Socks,Û 12.99,7/18/2015,1:14 PM,48205,7,29
Tokyo,Asics,MB1878,Male,42,Black,Pants,Û 99.00,7/18/2015,1:17 PM,44623,7,29
Tokyo,Nike,Dri-Fit No-Show,Unisex,42-44,Pink,Socks,Û 20.00,7/18/2015,1:53 PM,42599,7,29
Tokyo,Asics,WB2585,Female,43,Black,Pants,Û 99.00,7/18/2015,2:09 PM,42873,7,29
Tokyo,Nike,Pro Hero,Female,65A,Multicolor,Bra,Û 99.00,7/18/2015,2:49 PM,44028,7,29
Tokyo,Adidas,Rocket Boost,Male,37,Yellow,Shoe,Û 100.00,7/18/2015,2:52 PM,42929,7,29
Tokyo,Asics,WB1820,Female,38,Blue,Pants,Û 89.00,7/18/2015,2:52 PM,42929,7,29
Tokyo,Asics,WB1820,Female,43,Black,Pants,Û 89.00,7/18/2015,3:15 PM,---,7,29
Tokyo,Asics,MB1878,Male,38,Black,Pants,Û 99.00,7/18/2015,3:23 PM,---,7,29
Tokyo,Asics,Nimbus 17,Male,39,Yellow,Shoe,Û 128.00,7/18/2015,4:43 PM,48871,7,29
Tokyo,Asics,MB1878,Male,38,Black,Pants,Û 99.00,7/18/2015,6:24 PM,42119,7,29
Tokyo,Nike,Dri-Fit No-Show,Unisex,42-44,Green,Socks,Û 20.00,7/18/2015,7:10 PM,---,7,29
Tokyo,Asics,WB2585,Female,39,Black,Pants,Û 99.00,7/18/2015,7:17 PM,---,7,29
Tokyo,Asics,WB1820,Female,40,Yellow,Pants,Û 89.00,7/18/2015,7:35 PM,41029,7,29
