Store,Brand,Type,Gender,Size,Color,Category,Sales Price,Date,Time,Loyalty,Month,
Tokyo,Asics,MB1878,Male,45,Black,Pants,Û 99.00,7/20/2015,1:24 PM,---,7,30
Tokyo,Nike,Pro Classic,Female,70D,Black,Bra,Û 100.00,7/20/2015,1:58 PM,56882,7,30
Tokyo,Asics,MB1878,Male,46,Black,Pants,Û 99.00,7/20/2015,2:34 PM,58337,7,30
Tokyo,Nike,Pro Classic,Female,75B,Pink,Bra,Û 100.00,7/20/2015,2:39 PM,54894,7,30
Tokyo,Asics,Kayano Single Tab,Unisex,38-40,Black,Socks,Û 24.99,7/20/2015,2:47 PM,55450,7,30
Tokyo,Asics,WB1820,Female,41,Green,Pants,Û 89.00,7/20/2015,2:49 PM,58638,7,30
Tokyo,Nike,Hyper Elite Crew,Unisex,40-42,Black,Socks,Û 20.00,7/20/2015,3:04 PM,---,7,30
Tokyo,Asics,WB1820,Female,42,Grey,Pants,Û 89.00,7/20/2015,3:12 PM,58212,7,30
Tokyo,Asics,Hera Deux Single Tab,Female,36-38,Green,Socks,Û 12.99,7/20/2015,3:18 PM,52150,7,30
Tokyo,Asics,Kayano Single Tab,Unisex,36-38,Black,Socks,Û 24.99,7/20/2015,3:25 PM,---,7,30
Tokyo,Nike,Pro Hero,Female,90F,Grey,Bra,Û 99.00,7/20/2015,4:45 PM,---,7,30
Tokyo,Asics,WB1820,Female,46,Multicolor,Pants,Û 89.00,7/20/2015,6:44 PM,---,7,30
Tokyo,Asics,MB1878,Male,42,Black,Pants,Û 99.00,7/20/2015,7:03 PM,58891,7,30
Tokyo,Asics,WB1820,Female,38,Yellow,Pants,Û 89.00,7/20/2015,7:45 PM,---,7,30
Tokyo,Nike,Nike Elite Match Fit Mercurial Crew,Unisex,44-46,Blue,Socks,Û 21.00,7/20/2015,7:45 PM,---,7,30
Tokyo,Asics,Hera Deux Single Tab,Female,36-38,Pink,Socks,Û 12.99,7/20/2015,8:03 PM,---,7,30
Tokyo,Asics,Hera Deux Single Tab,Female,42-44,Blue,Socks,Û 12.99,7/20/2015,8:55 PM,57679,7,30
Tokyo,Nike,Pro Fierce,Female,80A,Blue,Bra,Û 149.00,7/20/2015,9:18 PM,57660,7,30
Tokyo,Asics,WB1820,Female,45,Blue,Pants,Û 89.00,7/20/2015,9:23 PM,---,7,30
Tokyo,Asics,WB1820,Female,46,Green,Pants,Û 89.00,7/20/2015,9:38 PM,---,7,30
