Store,Brand,Type,Gender,Size,Color,Category,Sales Price,Date,Time,Loyalty,Month,
Tokyo,Asics,WB1820,Female,46,Green,Pants,Û 89.00,7/18/2015,8:16 PM,46867,7,29
Tokyo,Nike,Air Zoom,Male,42,Pink,Shoe,Û 230.00,7/18/2015,9:01 PM,45665,7,29
Tokyo,Nike,Hyper Elite Crew,Unisex,46-48,Pink,Socks,Û 20.00,7/18/2015,9:10 PM,48628,7,29
Tokyo,Nike,Hyper Elite Crew,Unisex,46-48,Green,Socks,Û 20.00,7/18/2015,9:34 PM,49369,7,29
Tokyo,Asics,Hera Deux Single Tab,Female,42-44,Pink,Socks,Û 12.99,7/18/2015,9:56 PM,---,7,29
Tokyo,Asics,MB1878,Male,43,Black,Pants,Û 99.00,7/18/2015,10:06 PM,---,7,29
Tokyo,Asics,WB1820,Female,41,Blue,Pants,Û 89.00,7/18/2015,10:17 PM,---,7,29
Tokyo,Nike,Nike Elite Match Fit Mercurial Crew,Unisex,46-48,Pink,Socks,Û 21.00,7/18/2015,10:32 PM,---,7,29
Tokyo,Asics,Cummulus 17,Male,46,Yellow,Shoe,Û 159.00,7/18/2015,10:33 PM,48801,7,29
Tokyo,Nike,Pro Hero,Female,75C,Blue,Bra,Û 99.00,7/18/2015,10:37 PM,45762,7,29
Tokyo,Nike,Dri-Fit No-Show,Unisex,40-42,Pink,Socks,Û 20.00,7/18/2015,11:13 PM,49249,7,29
Tokyo,Nike,Dri-Fit No-Show,Unisex,42-44,Black,Socks,Û 20.00,7/18/2015,11:44 PM,---,7,29
Tokyo,Nike,Dri-Fit No-Show,Unisex,46-48,Pink,Socks,Û 20.00,7/18/2015,9:32 AM,30778,7,29
Tokyo,Nike,Hyper Elite Crew,Unisex,42-44,Green,Socks,Û 20.00,7/18/2015,9:36 AM,---,7,29
Tokyo,Nike,Dri-Fit No-Show,Unisex,42-44,Green,Socks,Û 20.00,7/18/2015,9:54 AM,34402,7,29
Tokyo,Asics,Kayano Single Tab,Unisex,44-46,Green,Socks,Û 24.99,7/18/2015,10:03 AM,---,7,29
Tokyo,Asics,MB1878,Male,38,Black,Pants,Û 99.00,7/18/2015,10:05 AM,---,7,29
Tokyo,Nike,Nike Elite Match Fit Mercurial Crew,Unisex,42-44,Pink,Socks,Û 21.00,7/18/2015,10:07 AM,33522,7,29
Tokyo,Asics,WB1820,Female,43,Yellow,Pants,Û 89.00,7/18/2015,10:12 AM,---,7,29
Tokyo,Asics,Hera Deux Single Tab,Female,46-48,Pink,Socks,Û 12.99,7/18/2015,10:12 AM,---,7,29
