Store,Brand,Type,Gender,Size,Color,Category,Sales Price,Date,Time,Loyalty,Month,
Tokyo,Asics,WB1820,Female,43,Grey,Pants,Û 89.00,7/22/2015,7:04 PM,44993,7,30
Tokyo,Asics,Kayano Single Tab,Unisex,36-38,Black,Socks,Û 24.99,7/22/2015,7:35 PM,40671,7,30
Tokyo,Asics,Quick Light Cushion,Unisex,46-48,Green,Socks,Û 19.00,7/22/2015,7:46 PM,---,7,30
Tokyo,Nike,Pro Hero,Female,70E,Black,Bra,Û 99.00,7/22/2015,8:41 PM,40950,7,30
Tokyo,Asics,Kayano Single Tab,Unisex,42-44,Green,Socks,Û 24.99,7/22/2015,8:44 PM,49329,7,30
Tokyo,Asics,WB1820,Female,46,Yellow,Pants,Û 89.00,7/22/2015,9:15 PM,---,7,30
Tokyo,Asics,Kayano Single Tab,Unisex,38-40,Black,Socks,Û 24.99,7/22/2015,9:27 PM,49696,7,30
Tokyo,Asics,WB1820,Female,46,Black,Pants,Û 89.00,7/22/2015,9:37 PM,45690,7,30
Tokyo,Asics,WB2585,Female,45,Black,Pants,Û 99.00,7/22/2015,9:38 PM,---,7,30
Tokyo,Asics,WB1820,Female,42,Green,Pants,Û 89.00,7/22/2015,9:50 PM,---,7,30
Tokyo,Nike,Nike Elite Match Fit Mercurial Crew,Unisex,40-42,Green,Socks,Û 21.00,7/22/2015,10:22 PM,49286,7,30
Tokyo,Asics,WB1820,Female,37,Yellow,Pants,Û 89.00,7/22/2015,10:24 PM,40013,7,30
Tokyo,Asics,WB1820,Female,43,Pink,Pants,Û 89.00,7/22/2015,10:40 PM,47519,7,30
Tokyo,Asics,WB1820,Female,39,Black,Pants,Û 89.00,7/22/2015,11:00 PM,46343,7,30
Tokyo,Asics,WB1820,Female,43,Pink,Pants,Û 89.00,7/22/2015,11:06 PM,44052,7,30
Rotterdam,Nike,Nike Elite Match Fit Mercurial Crew,Unisex,38-40,Black,Socks,Û 21.00,7/22/2015,9:42 AM,36562,7,30
Tokyo,Asics,MB1878,Male,45,Black,Pants,Û 99.00,7/22/2015,10:02 AM,30826,7,30
Rotterdam,Nike,Dri-Fit No-Show,Unisex,38-40,Blue,Socks,Û 20.00,7/22/2015,10:57 AM,---,7,30
Tokyo,Asics,MB1878,Male,37,Black,Pants,Û 99.00,7/22/2015,11:01 AM,38528,7,30
Tokyo,Asics,Kayano Single Tab,Unisex,46-48,Pink,Socks,Û 24.99,7/22/2015,11:02 AM,37863,7,30
