Store,Brand,Type,Gender,Size,Color,Category,Sales Price,Date,Time,Loyalty,Month,
Tokyo,Asics,MB1878,Male,36,Black,Pants,Û 99.00,7/19/2015,3:49 PM,---,7,30
Rotterdam,Nike,Free 5.0,Male,43,Multicolor,Shoe,Û 239.00,7/19/2015,3:54 PM,35980,7,30
Rotterdam,Nike,Air Zoom,Male,41,Green,Shoe,Û 220.00,7/19/2015,4:05 PM,38099,7,30
Rotterdam,Nike,Hyper Elite Crew,Unisex,46-48,Green,Socks,Û 20.00,7/19/2015,4:15 PM,31562,7,30
Rotterdam,Nike,Pro Fierce,Female,65E,Blue,Bra,Û 149.00,7/19/2015,4:16 PM,---,7,30
Tokyo,Asics,Cummulus 17,Male,43,Green,Shoe,Û 159.00,7/19/2015,4:16 PM,---,7,30
Tokyo,Asics,WB1820,Female,39,Green,Pants,Û 89.00,7/19/2015,4:39 PM,---,7,30
Tokyo,Asics,Kayano Single Tab,Unisex,36-38,Green,Socks,Û 24.99,7/19/2015,5:12 PM,32541,7,30
Tokyo,Asics,WB1820,Female,41,Pink,Pants,Û 89.00,7/19/2015,5:22 PM,31013,7,30
Tokyo,Asics,MB1878,Male,41,Black,Pants,Û 99.00,7/19/2015,5:30 PM,---,7,30
Rotterdam,Nike,Nike Elite Match Fit Mercurial Crew,Unisex,40-42,Blue,Socks,Û 21.00,7/19/2015,5:33 PM,30829,7,30
Tokyo,Nike,Pro Fierce,Female,85E,Green,Bra,Û 149.00,7/19/2015,8:38 AM,50837,7,30
Tokyo,Asics,MB1878,Male,45,Black,Pants,Û 99.00,7/19/2015,8:39 AM,59369,7,30
Tokyo,Nike,Pro Fierce,Female,80D,Grey,Bra,Û 149.00,7/19/2015,9:33 AM,---,7,30
Tokyo,Nike,Hyper Elite Crew,Unisex,46-48,Pink,Socks,Û 20.00,7/19/2015,9:51 AM,50217,7,30
Tokyo,Nike,Pro Indy,Female,65E,Green,Bra,Û 123.00,7/19/2015,9:59 AM,58074,7,30
Tokyo,Asics,WB1820,Female,40,Green,Pants,Û 89.00,7/19/2015,10:07 AM,55206,7,30
Tokyo,Nike,Nike Elite Match Fit Mercurial Crew,Unisex,44-46,Black,Socks,Û 21.00,7/19/2015,10:09 AM,55666,7,30
Tokyo,Asics,WB1820,Female,37,Yellow,Pants,Û 89.00,7/19/2015,10:53 AM,52306,7,30
Tokyo,Nike,Free 5.0,Male,36,Blue,Shoe,Û 239.00,7/19/2015,11:45 AM,---,7,30
