Store,Brand,Type,Gender,Size,Color,Category,Sales Price,Date,Time,Loyalty,Month,
Tokyo,Asics,Hera Deux Single Tab,Female,46-48,Pink,Socks,Û 12.99,7/18/2015,1:43 PM,37714,7,29
Tokyo,Asics,Quick Light Cushion,Unisex,38-40,Black,Socks,Û 19.00,7/18/2015,1:46 PM,---,7,29
Tokyo,Asics,WB1820,Female,37,Grey,Pants,Û 89.00,7/18/2015,1:49 PM,31296,7,29
Rotterdam,Nike,Hyper Elite Crew,Unisex,46-48,Black,Socks,Û 20.00,7/18/2015,1:52 PM,31674,7,29
Rotterdam,Nike,Hyper Elite Crew,Unisex,40-42,Green,Socks,Û 20.00,7/18/2015,1:54 PM,36322,7,29
Tokyo,Asics,WB1820,Female,41,Multicolor,Pants,Û 89.00,7/18/2015,2:04 PM,39019,7,29
Tokyo,Asics,WB2585,Female,45,Black,Pants,Û 99.00,7/18/2015,2:06 PM,---,7,29
Tokyo,Asics,WB1820,Female,41,Yellow,Pants,Û 89.00,7/18/2015,2:10 PM,---,7,29
Tokyo,Asics,Nimbus 17,Male,39,Multicolor,Shoe,Û 128.00,7/18/2015,2:10 PM,---,7,29
Tokyo,Asics,WB1820,Female,43,Yellow,Pants,Û 89.00,7/18/2015,2:17 PM,32489,7,29
Tokyo,Asics,Kayano Single Tab,Unisex,38-40,Blue,Socks,Û 24.99,7/18/2015,2:32 PM,30428,7,29
Tokyo,Asics,WB1820,Female,37,Blue,Pants,Û 89.00,7/18/2015,2:45 PM,---,7,29
Tokyo,Asics,Cummulus 17,Male,40,Blue,Shoe,Û 159.00,7/18/2015,3:00 PM,32201,7,29
Tokyo,Asics,Kayano Single Tab,Unisex,40-42,Black,Socks,Û 24.99,7/18/2015,3:09 PM,---,7,29
Rotterdam,Nike,Free 5.0,Male,39,Black,Shoe,Û 239.00,7/18/2015,3:16 PM,30991,7,29
Tokyo,Asics,Cummulus 17,Male,44,Pink,Shoe,Û 159.00,7/18/2015,3:22 PM,37054,7,29
Tokyo,Asics,Hera Deux Single Tab,Female,36-38,Blue,Socks,Û 12.99,7/18/2015,3:24 PM,---,7,29
Rotterdam,Nike,Nike Elite Match Fit Mercurial Crew,Unisex,36-38,Blue,Socks,Û 21.00,7/18/2015,3:27 PM,39046,7,29
Rotterdam,Nike,Air Zoom,Male,43,Blue,Shoe,Û 220.00,7/18/2015,3:29 PM,35246,7,29
Rotterdam,Nike,Free 5.0,Female,43,Multicolor,Shoe,Û 239.00,7/18/2015,3:44 PM,---,7,29
