Store,Brand,Type,Gender,Size,Color,Category,Sales Price,Date,Time,Loyalty,Month,
Rotterdam,Nike,Dri-Fit No-Show,Unisex,42-44,Pink,Socks,Û 20.00,7/22/2015,4:33 PM,---,7,30
Rotterdam,Asics,MB1878,Male,46,Black,Pants,Û 99.00,7/22/2015,4:39 PM,---,7,30
Rotterdam,Nike,Pro Hero,Female,80B,Pink,Bra,Û 99.00,7/22/2015,4:43 PM,32368,7,30
Rotterdam,Nike,Pro Indy,Female,90D,Black,Bra,Û 123.00,7/22/2015,5:17 PM,31781,7,30
Rotterdam,Asics,WB1820,Female,46,Multicolor,Pants,Û 89.00,7/22/2015,5:20 PM,33929,7,30
Rotterdam,Asics,WB1820,Female,36,Yellow,Pants,Û 89.00,7/22/2015,5:30 PM,31260,7,30
Rotterdam,Nike,Nike Elite Match Fit Mercurial Crew,Unisex,46-48,Black,Socks,Û 21.00,7/22/2015,5:32 PM,32387,7,30
Rotterdam,Asics,WB1820,Female,42,Yellow,Pants,Û 89.00,7/22/2015,5:32 PM,---,7,30
Tokyo,Asics,Hera Deux Single Tab,Female,38-40,Blue,Socks,Û 12.99,7/22/2015,9:05 AM,---,7,30
Tokyo,Asics,Gel Quantics ,Male,40,Grey,Shoe,Û 120.00,7/22/2015,9:07 AM,56457,7,30
Tokyo,Asics,Kayano Single Tab,Unisex,38-40,Green,Socks,Û 24.99,7/22/2015,9:07 AM,56457,7,30
Tokyo,Asics,Cummulus 17,Male,46,Blue,Shoe,Û 159.00,7/22/2015,9:11 AM,52890,7,30
Tokyo,Nike,Nike Elite Match Fit Mercurial Crew,Unisex,36-38,Black,Socks,Û 21.00,7/22/2015,9:20 AM,59906,7,30
Tokyo,Asics,MB1878,Male,36,Black,Pants,Û 99.00,7/22/2015,11:38 AM,---,7,30
Tokyo,Asics,WB1820,Female,41,Green,Pants,Û 89.00,7/22/2015,11:48 AM,52717,7,30
Tokyo,Nike,Free 5.0,Female,38,Blue,Shoe,Û 239.00,7/22/2015,11:52 AM,---,7,30
Tokyo,Asics,Kayano Single Tab,Unisex,40-42,Blue,Socks,Û 24.99,7/22/2015,12:46 PM,57401,7,30
Tokyo,Asics,MB1878,Male,37,Black,Pants,Û 99.00,7/22/2015,1:01 PM,52282,7,30
Tokyo,Nike,Pro Hero,Female,70F,Blue,Bra,Û 99.00,7/22/2015,1:03 PM,---,7,30
Tokyo,Asics,WB1820,Female,37,Green,Pants,Û 89.00,7/22/2015,2:19 PM,54473,7,30
