Store,Brand,Type,Gender,Size,Color,Category,Sales Price,Date,Time,Loyalty,Month,
Tokyo,Asics,WB1820,Female,44,Black,Pants,Û 89.00,7/22/2015,2:31 PM,57135,7,30
Tokyo,Nike,Dri-Fit No-Show,Unisex,44-46,Green,Socks,Û 20.00,7/22/2015,3:12 PM,58406,7,30
Tokyo,Nike,Nike Elite Match Fit Mercurial Crew,Unisex,42-44,Pink,Socks,Û 21.00,7/22/2015,3:18 PM,52211,7,30
Tokyo,Asics,WB1820,Female,43,Blue,Pants,Û 89.00,7/22/2015,3:31 PM,52946,7,30
Tokyo,Nike,Nike Elite Match Fit Mercurial Crew,Unisex,38-40,Black,Socks,Û 21.00,7/22/2015,3:37 PM,52829,7,30
Tokyo,Asics,Quick Light Cushion,Unisex,36-38,Blue,Socks,Û 19.00,7/22/2015,4:09 PM,52931,7,30
Tokyo,Nike,Pro Hero,Female,80D,Grey,Bra,Û 99.00,7/22/2015,4:40 PM,55836,7,30
Tokyo,Asics,WB1820,Female,36,Green,Pants,Û 89.00,7/22/2015,4:49 PM,---,7,30
Tokyo,Asics,Kayano Single Tab,Unisex,46-48,Black,Socks,Û 24.99,7/22/2015,4:58 PM,---,7,30
Tokyo,Asics,Hera Deux Single Tab,Female,46-48,Pink,Socks,Û 12.99,7/22/2015,5:45 PM,---,7,30
Tokyo,Asics,Kayano Single Tab,Unisex,40-42,Black,Socks,Û 24.99,7/22/2015,6:04 PM,---,7,30
Tokyo,Nike,Pro Fierce,Female,70C,Pink,Bra,Û 149.00,7/22/2015,6:04 PM,---,7,30
Tokyo,Nike,Free 5.0,Male,40,Grey,Shoe,Û 239.00,7/22/2015,6:48 PM,54950,7,30
Tokyo,Asics,WB1820,Female,41,Pink,Pants,Û 89.00,7/22/2015,7:01 PM,52282,7,30
Tokyo,Asics,WB1820,Female,40,Multicolor,Pants,Û 89.00,7/22/2015,7:07 PM,---,7,30
Tokyo,Nike,Nike Elite Match Fit Mercurial Crew,Unisex,46-48,Green,Socks,Û 21.00,7/22/2015,7:37 PM,---,7,30
Tokyo,Nike,Nike Elite Match Fit Mercurial Crew,Unisex,46-48,Green,Socks,Û 21.00,7/22/2015,8:57 PM,57108,7,30
Tokyo,Asics,Quick Light Cushion,Unisex,46-48,Pink,Socks,Û 19.00,7/22/2015,9:56 PM,54365,7,30
Tokyo,Nike,Nike Elite Match Fit Mercurial Crew,Unisex,44-46,Black,Socks,Û 21.00,7/22/2015,10:35 PM,53802,7,30
Tokyo,Asics,MB1878,Male,44,Black,Pants,Û 99.00,7/22/2015,11:06 PM,51866,7,30
