Store,Brand,Type,Gender,Size,Color,Category,Sales Price,Date,Time,Loyalty,Month,
Tokyo,Asics,WB1820,Female,37,Green,Pants,Û 89.00,7/17/2015,2:55 PM,36408,7,29
Tokyo,Asics,WB2585,Female,41,Black,Pants,Û 99.00,7/17/2015,2:56 PM,39712,7,29
Tokyo,Asics,WB1820,Female,43,Grey,Pants,Û 89.00,7/17/2015,3:03 PM,---,7,29
Tokyo,Nike,Free 5.0,Female,45,Pink,Shoe,Û 239.00,7/17/2015,3:13 PM,---,7,29
Tokyo,Asics,Quick Light Cushion,Unisex,42-44,Green,Socks,Û 19.00,7/17/2015,3:16 PM,30727,7,29
Tokyo,Nike,Dri-Fit No-Show,Unisex,40-42,Black,Socks,Û 20.00,7/17/2015,3:36 PM,31437,7,29
Tokyo,Nike,Air Zoom,Male,45,Yellow,Shoe,Û 220.00,7/17/2015,3:39 PM,31810,7,29
Tokyo,Nike,Hyper Elite Crew,Unisex,42-44,Blue,Socks,Û 20.00,7/17/2015,3:54 PM,38157,7,29
Tokyo,Asics,WB1820,Female,39,Blue,Pants,Û 89.00,7/17/2015,3:58 PM,32188,7,29
Tokyo,Asics,Hera Deux Single Tab,Female,46-48,Pink,Socks,Û 12.99,7/17/2015,4:05 PM,---,7,29
Tokyo,Asics,Cummulus 17,Male,38,Grey,Shoe,Û 159.00,7/17/2015,4:12 PM,36409,7,29
Tokyo,Nike,Air Zoom,Female,43,Yellow,Shoe,Û 230.00,7/17/2015,4:12 PM,---,7,29
Tokyo,Asics,Cummulus 17,Male,41,Black,Shoe,Û 159.00,7/17/2015,4:20 PM,34993,7,29
Tokyo,Asics,WB1820,Female,37,Green,Pants,Û 89.00,7/17/2015,4:36 PM,39296,7,29
Tokyo,Nike,Pro Fierce,Female,85C,Yellow,Bra,Û 149.00,7/17/2015,4:39 PM,32811,7,29
Tokyo,Nike,Dri-Fit No-Show,Unisex,40-42,Pink,Socks,Û 20.00,7/17/2015,4:43 PM,33552,7,29
Tokyo,Asics,WB1820,Female,46,Green,Pants,Û 89.00,7/17/2015,4:43 PM,---,7,29
Tokyo,Asics,WB1820,Female,44,Grey,Pants,Û 89.00,7/17/2015,4:52 PM,---,7,29
Tokyo,Nike,Nike Elite Match Fit Mercurial Crew,Unisex,40-42,Black,Socks,Û 21.00,7/17/2015,4:57 PM,32928,7,29
Tokyo,Nike,Hyper Elite Crew,Unisex,46-48,Black,Socks,Û 20.00,7/17/2015,4:57 PM,32928,7,29
