Store,Brand,Type,Gender,Size,Color,Category,Sales Price,Date,Time,Loyalty,Month,
Tokyo,Asics,WB1820,Female,43,Black,Pants,Û 89.00,7/15/2015,11:38 AM,37578,7,29
Tokyo,Asics,WB1820,Female,36,Grey,Pants,Û 89.00,7/15/2015,11:58 AM,---,7,29
Tokyo,Nike,Hyper Elite Crew,Unisex,44-46,Pink,Socks,Û 20.00,7/15/2015,12:01 PM,32619,7,29
Tokyo,Asics,WB2585,Female,44,Black,Pants,Û 99.00,7/15/2015,12:09 PM,34811,7,29
Tokyo,Asics,Quick Light Cushion,Unisex,46-48,Blue,Socks,Û 19.00,7/15/2015,12:11 PM,32667,7,29
Tokyo,Adidas,Ultra Boost,Male,41,Yellow,Shoe,Û 139.00,7/15/2015,12:19 PM,38269,7,29
Tokyo,Asics,WB1820,Female,46,Multicolor,Pants,Û 89.00,7/15/2015,12:21 PM,31628,7,29
Tokyo,Asics,WB1820,Female,38,Pink,Pants,Û 89.00,7/15/2015,12:40 PM,31846,7,29
Tokyo,Asics,Quick Light Cushion,Unisex,36-38,Green,Socks,Û 19.00,7/15/2015,12:42 PM,37960,7,29
Tokyo,Asics,Kayano Single Tab,Unisex,36-38,Green,Socks,Û 24.99,7/15/2015,12:42 PM,---,7,29
Tokyo,Asics,WB1820,Female,39,Pink,Pants,Û 89.00,7/15/2015,1:05 PM,35385,7,29
Tokyo,Asics,WB1820,Female,41,Pink,Pants,Û 89.00,7/15/2015,1:16 PM,30735,7,29
Tokyo,Asics,Hera Deux Single Tab,Female,38-40,Black,Socks,Û 12.99,7/15/2015,1:18 PM,30244,7,29
Tokyo,Nike,Pro Fierce,Female,90B,Blue,Bra,Û 149.00,7/15/2015,1:25 PM,39412,7,29
Tokyo,Asics,MB1878,Male,42,Black,Pants,Û 99.00,7/15/2015,1:25 PM,39412,7,29
Tokyo,Nike,Free 5.0,Male,40,Multicolor,Shoe,Û 239.00,7/15/2015,1:28 PM,34416,7,29
Tokyo,Asics,Kayano Single Tab,Unisex,42-44,Green,Socks,Û 24.99,7/15/2015,1:28 PM,---,7,29
Tokyo,Asics,MB1878,Male,38,Black,Pants,Û 99.00,7/15/2015,1:31 PM,37396,7,29
Tokyo,Nike,Pro Fierce,Female,90F,Blue,Bra,Û 149.00,7/15/2015,1:38 PM,---,7,29
Tokyo,Asics,MB1878,Male,37,Black,Pants,Û 99.00,7/15/2015,1:48 PM,35333,7,29
