Store,Brand,Type,Gender,Size,Color,Category,Sales Price,Date,Time,Loyalty,Month,
Tokyo,Nike,Dri-Fit No-Show,Unisex,44-46,Black,Socks,Û 20.00,7/27/2015,6:43 PM,49032,7,31
Tokyo,Asics,WB1820,Female,43,Yellow,Pants,Û 89.00,7/27/2015,6:51 PM,---,7,31
Tokyo,Nike,Pro Fierce,Female,65D,Pink,Bra,Û 149.00,7/27/2015,7:06 PM,---,7,31
Tokyo,Asics,MB1878,Male,46,Black,Pants,Û 99.00,7/27/2015,7:50 PM,43793,7,31
Tokyo,Asics,Hera Deux Single Tab,Female,38-40,Black,Socks,Û 12.99,7/27/2015,8:19 PM,47277,7,31
Tokyo,Asics,WB1820,Female,42,Pink,Pants,Û 89.00,7/27/2015,8:42 PM,40334,7,31
Tokyo,Asics,Hera Deux Single Tab,Female,40-42,Green,Socks,Û 12.99,7/27/2015,9:43 PM,---,7,31
Tokyo,Asics,WB1820,Female,45,Yellow,Pants,Û 89.00,7/27/2015,9:53 PM,40379,7,31
Tokyo,Nike,Dri-Fit No-Show,Unisex,36-38,Black,Socks,Û 20.00,7/27/2015,10:24 PM,42186,7,31
Tokyo,Nike,Nike Elite Match Fit Mercurial Crew,Unisex,40-42,Black,Socks,Û 21.00,7/27/2015,10:30 PM,46224,7,31
Tokyo,Asics,Quick Light Cushion,Unisex,46-48,Black,Socks,Û 19.00,7/27/2015,10:42 PM,43950,7,31
Tokyo,Nike,Pro Fierce,Female,80B,Grey,Bra,Û 149.00,7/27/2015,10:46 PM,41294,7,31
Tokyo,Asics,Hera Deux Single Tab,Female,42-44,Green,Socks,Û 12.99,7/27/2015,11:22 PM,48403,7,31
Tokyo,Nike,Nike Elite Match Fit Mercurial Crew,Unisex,40-42,Green,Socks,Û 21.00,7/27/2015,11:26 PM,44864,7,31
Rotterdam,Nike,Pro Classic,Female,90E,Black,Bra,Û 100.00,7/27/2015,9:32 AM,32544,7,31
Rotterdam,Adidas,Ultra Boost,Male,40,Blue,Shoe,Û 139.00,7/27/2015,9:32 AM,---,7,31
Rotterdam,Nike,Hyper Elite Crew,Unisex,36-38,Pink,Socks,Û 20.00,7/27/2015,9:36 AM,---,7,31
Rotterdam,Asics,WB1820,Female,37,Grey,Pants,Û 89.00,7/27/2015,9:37 AM,36579,7,31
Rotterdam,Nike,Pro Classic,Female,90F,Black,Bra,Û 100.00,7/27/2015,9:45 AM,39866,7,31
Rotterdam,Asics,MB1878,Male,40,Black,Pants,Û 99.00,7/27/2015,9:58 AM,36212,7,31
