Store,Brand,Type,Gender,Size,Color,Category,Sales Price,Date,Time,Loyalty,Month,
Tokyo,Nike,Hyper Elite Crew,Unisex,36-38,Pink,Socks,Û 20.00,7/24/2015,4:10 PM,40073,7,30
Tokyo,Asics,MB1878,Male,40,Black,Pants,Û 99.00,7/24/2015,4:16 PM,44091,7,30
Tokyo,Asics,MB1878,Male,41,Black,Pants,Û 99.00,7/24/2015,4:27 PM,47734,7,30
Tokyo,Asics,MB1878,Male,42,Black,Pants,Û 99.00,7/24/2015,5:25 PM,46676,7,30
Tokyo,Asics,Quick Light Cushion,Unisex,46-48,Green,Socks,Û 19.00,7/24/2015,5:38 PM,40809,7,30
Tokyo,Asics,MB1878,Male,46,Black,Pants,Û 99.00,7/24/2015,6:08 PM,47028,7,30
Tokyo,Asics,MB1878,Male,42,Black,Pants,Û 99.00,7/24/2015,6:08 PM,---,7,30
Tokyo,Asics,Hera Deux Single Tab,Female,42-44,Pink,Socks,Û 12.99,7/24/2015,6:21 PM,41005,7,30
Tokyo,Asics,WB1820,Female,39,Blue,Pants,Û 89.00,7/24/2015,6:44 PM,46176,7,30
Tokyo,Nike,Nike Elite Match Fit Mercurial Crew,Unisex,44-46,Black,Socks,Û 21.00,7/24/2015,6:48 PM,---,7,30
Tokyo,Asics,Quick Light Cushion,Unisex,44-46,Black,Socks,Û 19.00,7/24/2015,7:30 PM,42602,7,30
Tokyo,Asics,WB1820,Female,39,Green,Pants,Û 89.00,7/24/2015,7:52 PM,---,7,30
Tokyo,Asics,Quick Light Cushion,Unisex,46-48,Black,Socks,Û 19.00,7/24/2015,8:26 PM,43904,7,30
Tokyo,Nike,Hyper Elite Crew,Unisex,46-48,Pink,Socks,Û 20.00,7/24/2015,8:36 PM,---,7,30
Tokyo,Asics,Kayano Single Tab,Unisex,42-44,Green,Socks,Û 24.99,7/24/2015,10:06 PM,48501,7,30
Tokyo,Asics,WB1820,Female,44,Black,Pants,Û 89.00,7/24/2015,10:19 PM,---,7,30
Tokyo,Nike,Hyper Elite Crew,Unisex,42-44,Green,Socks,Û 20.00,7/24/2015,10:20 PM,---,7,30
Tokyo,Nike,Pro Fierce,Female,65D,Green,Bra,Û 149.00,7/24/2015,10:30 PM,---,7,30
Tokyo,Nike,Hyper Elite Crew,Unisex,44-46,Green,Socks,Û 20.00,7/24/2015,11:03 PM,44691,7,30
Rotterdam,Asics,WB2585,Female,39,Black,Pants,Û 99.00,7/24/2015,9:39 AM,---,7,30
