Store,Brand,Type,Gender,Size,Color,Category,Sales Price,Date,Time,Loyalty,Month,
Tokyo,Nike,Nike Elite Match Fit Mercurial Crew,Unisex,38-40,Pink,Socks,Û 21.00,7/17/2015,7:53 PM,---,7,29
Tokyo,Asics,WB1820,Female,44,Black,Pants,Û 89.00,7/17/2015,7:58 PM,40199,7,29
Tokyo,Nike,Pro Fierce,Female,90F,Pink,Bra,Û 149.00,7/17/2015,9:15 PM,---,7,29
Tokyo,Nike,Pro Hero,Female,65B,Green,Bra,Û 99.00,7/17/2015,9:20 PM,---,7,29
Tokyo,Asics,Hera Deux Single Tab,Female,46-48,Pink,Socks,Û 12.99,7/17/2015,9:21 PM,46751,7,29
Tokyo,Asics,Quick Light Cushion,Unisex,44-46,Pink,Socks,Û 19.00,7/17/2015,9:43 PM,46911,7,29
Tokyo,Asics,WB1820,Female,37,Grey,Pants,Û 89.00,7/17/2015,10:37 PM,40200,7,29
Tokyo,Asics,WB1820,Female,39,Blue,Pants,Û 89.00,7/17/2015,10:50 PM,---,7,29
Tokyo,Nike,Nike Elite Match Fit Mercurial Crew,Unisex,44-46,Pink,Socks,Û 21.00,7/17/2015,11:15 PM,---,7,29
Tokyo,Nike,Nike Elite Match Fit Mercurial Crew,Unisex,42-44,Black,Socks,Û 21.00,7/17/2015,11:24 PM,44728,7,29
Tokyo,Nike,Air Zoom,Male,42,Pink,Shoe,Û 230.00,7/17/2015,11:31 PM,---,7,29
Tokyo,Asics,WB1820,Female,40,Green,Pants,Û 89.00,7/17/2015,11:32 PM,41779,7,29
Tokyo,Nike,Free 5.0,Female,39,Yellow,Shoe,Û 239.00,7/17/2015,9:44 AM,33723,7,29
Tokyo,Asics,WB1820,Female,36,Blue,Pants,Û 89.00,7/17/2015,9:47 AM,---,7,29
Tokyo,Nike,Pro Fierce,Female,80F,Green,Bra,Û 149.00,7/17/2015,9:47 AM,---,7,29
Tokyo,Asics,WB1820,Female,42,Pink,Pants,Û 89.00,7/17/2015,9:54 AM,---,7,29
Tokyo,Asics,WB2585,Female,39,Black,Pants,Û 99.00,7/17/2015,10:02 AM,35176,7,29
Tokyo,Asics,MB1878,Male,41,Black,Pants,Û 99.00,7/17/2015,10:13 AM,38822,7,29
Tokyo,Nike,Pro Indy,Female,70E,Grey,Bra,Û 123.00,7/17/2015,10:25 AM,33581,7,29
Tokyo,Nike,Air Zoom,Male,36,Grey,Shoe,Û 220.00,7/17/2015,10:30 AM,---,7,29
