Store,Brand,Type,Gender,Size,Color,Category,Sales Price,Date,Time,Loyalty,Month,
Tokyo,Asics,Hera Deux Single Tab,Female,40-42,Green,Socks,Û 12.99,7/18/2015,12:12 PM,58688,7,29
Tokyo,Asics,MB1878,Male,46,Black,Pants,Û 99.00,7/18/2015,12:48 PM,---,7,29
Tokyo,Nike,Dri-Fit No-Show,Unisex,46-48,Blue,Socks,Û 20.00,7/18/2015,12:48 PM,---,7,29
Tokyo,Nike,Nike Elite Match Fit Mercurial Crew,Unisex,38-40,Black,Socks,Û 21.00,7/18/2015,12:59 PM,53121,7,29
Tokyo,Nike,Air Zoom,Male,42,Green,Shoe,Û 220.00,7/18/2015,1:27 PM,58002,7,29
Tokyo,Asics,Quick Light Cushion,Unisex,36-38,Blue,Socks,Û 19.00,7/18/2015,1:32 PM,57843,7,29
Tokyo,Nike,Pro Fierce,Female,80B,Pink,Bra,Û 149.00,7/18/2015,2:11 PM,---,7,29
Tokyo,Nike,Free 5.0,Female,37,Multicolor,Shoe,Û 239.00,7/18/2015,2:16 PM,54328,7,29
Tokyo,Asics,Kayano Single Tab,Unisex,44-46,Green,Socks,Û 24.99,7/18/2015,2:22 PM,---,7,29
Tokyo,Asics,WB1820,Female,38,Green,Pants,Û 89.00,7/18/2015,2:22 PM,---,7,29
Tokyo,Asics,WB1820,Female,41,Black,Pants,Û 89.00,7/18/2015,3:27 PM,51294,7,29
Tokyo,Nike,Nike Elite Match Fit Mercurial Crew,Unisex,42-44,Pink,Socks,Û 21.00,7/18/2015,5:25 PM,---,7,29
Tokyo,Asics,Quick Light Cushion,Unisex,36-38,Green,Socks,Û 19.00,7/18/2015,5:34 PM,---,7,29
Tokyo,Nike,Nike Elite Match Fit Mercurial Crew,Unisex,42-44,Black,Socks,Û 21.00,7/18/2015,5:54 PM,57332,7,29
Tokyo,Nike,Hyper Elite Crew,Unisex,44-46,Green,Socks,Û 20.00,7/18/2015,6:43 PM,---,7,29
Tokyo,Asics,WB1820,Female,46,Black,Pants,Û 89.00,7/18/2015,8:08 PM,54136,7,29
Tokyo,Nike,Nike Elite Match Fit Mercurial Crew,Unisex,42-44,Black,Socks,Û 21.00,7/18/2015,8:38 PM,---,7,29
Tokyo,Asics,Cummulus 17,Male,42,Pink,Shoe,Û 159.00,7/18/2015,9:15 PM,56609,7,29
Tokyo,Asics,WB1820,Female,40,Grey,Pants,Û 89.00,7/18/2015,9:23 PM,53822,7,29
Tokyo,Asics,WB1820,Female,38,Black,Pants,Û 89.00,7/18/2015,9:24 PM,54905,7,29
