Store,Brand,Type,Gender,Size,Color,Category,Sales Price,Date,Time,Loyalty,Month,
Tokyo,Asics,Kayano Single Tab,Unisex,46-48,Blue,Socks,Û 24.99,7/21/2015,11:11 AM,46013,7,30
Tokyo,Nike,Dri-Fit No-Show,Unisex,44-46,Black,Socks,Û 20.00,7/21/2015,11:35 AM,44958,7,30
Tokyo,Asics,WB2585,Female,39,Black,Pants,Û 99.00,7/21/2015,12:30 PM,43168,7,30
Tokyo,Nike,Pro Hero,Female,75A,Multicolor,Bra,Û 99.00,7/21/2015,12:41 PM,47182,7,30
Tokyo,Asics,WB1820,Female,40,Pink,Pants,Û 89.00,7/21/2015,1:13 PM,---,7,30
Tokyo,Nike,Pro Classic,Female,75B,Blue,Bra,Û 100.00,7/21/2015,1:13 PM,---,7,30
Tokyo,Asics,WB1820,Female,38,Grey,Pants,Û 89.00,7/21/2015,1:23 PM,47804,7,30
Tokyo,Nike,Dri-Fit No-Show,Unisex,44-46,Green,Socks,Û 20.00,7/21/2015,2:32 PM,43601,7,30
Tokyo,Asics,WB1820,Female,36,Multicolor,Pants,Û 89.00,7/21/2015,3:20 PM,42394,7,30
Tokyo,Asics,Hera Deux Single Tab,Female,36-38,Pink,Socks,Û 12.99,7/21/2015,4:04 PM,---,7,30
Tokyo,Nike,Dri-Fit No-Show,Unisex,42-44,Pink,Socks,Û 20.00,7/21/2015,5:49 PM,---,7,30
Tokyo,Asics,MB1878,Male,44,Black,Pants,Û 99.00,7/21/2015,5:51 PM,41317,7,30
Tokyo,Nike,Pro Fierce,Female,85A,Yellow,Bra,Û 149.00,7/21/2015,6:47 PM,47183,7,30
Tokyo,Asics,WB1820,Female,45,Blue,Pants,Û 89.00,7/21/2015,6:54 PM,40950,7,30
Tokyo,Nike,Pro Fierce,Female,75D,Green,Bra,Û 149.00,7/21/2015,7:29 PM,44555,7,30
Tokyo,Asics,WB1820,Female,44,Yellow,Pants,Û 89.00,7/21/2015,7:32 PM,45992,7,30
Tokyo,Asics,WB1820,Female,39,Black,Pants,Û 89.00,7/21/2015,7:33 PM,43568,7,30
Tokyo,Nike,Pro Fierce,Female,85D,Yellow,Bra,Û 149.00,7/21/2015,7:43 PM,---,7,30
Tokyo,Asics,MB1878,Male,36,Black,Pants,Û 99.00,7/21/2015,8:31 PM,---,7,30
Tokyo,Asics,MB1878,Male,40,Black,Pants,Û 99.00,7/21/2015,8:49 PM,---,7,30
