Store,Brand,Type,Gender,Size,Color,Category,Sales Price,Date,Time,Loyalty,Month,
Tokyo,Asics,WB1820,Female,43,Black,Pants,Û 89.00,7/21/2015,10:49 AM,36598,7,30
Tokyo,Asics,WB1820,Female,36,Multicolor,Pants,Û 89.00,7/21/2015,10:49 AM,---,7,30
Rotterdam,Nike,Hyper Elite Crew,Unisex,40-42,Black,Socks,Û 20.00,7/21/2015,10:54 AM,---,7,30
Rotterdam,Nike,Nike Elite Match Fit Mercurial Crew,Unisex,40-42,Green,Socks,Û 21.00,7/21/2015,10:54 AM,---,7,30
Rotterdam,Nike,Dri-Fit No-Show,Unisex,44-46,Green,Socks,Û 20.00,7/21/2015,10:54 AM,---,7,30
Tokyo,Asics,WB1820,Female,42,Multicolor,Pants,Û 89.00,7/21/2015,11:02 AM,39122,7,30
Tokyo,Asics,Quick Light Cushion,Unisex,40-42,Pink,Socks,Û 19.00,7/21/2015,11:04 AM,37390,7,30
Tokyo,Asics,MB1878,Male,38,Black,Pants,Û 99.00,7/21/2015,11:04 AM,---,7,30
Tokyo,Asics,WB1820,Female,41,Pink,Pants,Û 89.00,7/21/2015,11:14 AM,32912,7,30
Tokyo,Asics,Kayano Single Tab,Unisex,40-42,Black,Socks,Û 24.99,7/21/2015,11:24 AM,37528,7,30
Tokyo,Asics,MB1878,Male,36,Black,Pants,Û 99.00,7/21/2015,11:25 AM,38503,7,30
Tokyo,Asics,WB1820,Female,36,Black,Pants,Û 89.00,7/21/2015,11:38 AM,30129,7,30
Tokyo,Asics,MB1878,Male,46,Black,Pants,Û 99.00,7/21/2015,11:42 AM,31750,7,30
Tokyo,Asics,Nimbus 17,Male,43,Multicolor,Shoe,Û 128.00,7/21/2015,11:46 AM,---,7,30
Rotterdam,Nike,Nike Elite Match Fit Mercurial Crew,Unisex,42-44,Blue,Socks,Û 21.00,7/21/2015,11:48 AM,33219,7,30
Tokyo,Asics,MB1878,Male,36,Black,Pants,Û 99.00,7/21/2015,11:53 AM,---,7,30
Rotterdam,Nike,Air Zoom,Female,44,Grey,Shoe,Û 230.00,7/21/2015,12:11 PM,34359,7,30
Tokyo,Asics,WB1820,Female,44,Yellow,Pants,Û 89.00,7/21/2015,12:24 PM,35031,7,30
Tokyo,Asics,Cummulus 17,Male,42,Grey,Shoe,Û 159.00,7/21/2015,12:55 PM,---,7,30
Rotterdam,Nike,Free 5.0,Female,40,Yellow,Shoe,Û 239.00,7/21/2015,12:55 PM,---,7,30
