Store,Brand,Type,Gender,Size,Color,Category,Sales Price,Date,Time,Loyalty,Month,
Tokyo,Adidas,Boston 5,Male,36,Black,Shoe,Û 125.00,7/19/2015,2:35 PM,43458,7,30
Tokyo,Adidas,Boston 5,Female,44,Black,Shoe,Û 120.00,7/19/2015,11:56 AM,---,7,30
Tokyo,Adidas,Boston 5,Female,41,Multicolor,Shoe,Û 120.00,7/19/2015,11:40 AM,41176,7,30
Tokyo,Nike,Hyper Elite Crew,Unisex,36-38,Green,Socks,Û 20.00,7/20/2015,7:46 AM,44975,7,30
Tokyo,Asics,MB1878,Male,41,Black,Pants,Û 99.00,7/20/2015,7:55 AM,46588,7,30
Tokyo,Asics,Quick Light Cushion,Unisex,42-44,Black,Socks,Û 19.00,7/20/2015,8:34 AM,43144,7,30
Tokyo,Asics,Kayano Single Tab,Unisex,38-40,Blue,Socks,Û 24.99,7/20/2015,8:49 AM,47874,7,30
Tokyo,Nike,Pro Hero,Female,75C,Pink,Bra,Û 99.00,7/20/2015,9:18 AM,41327,7,30
Tokyo,Asics,WB1820,Female,45,Grey,Pants,Û 89.00,7/20/2015,9:33 AM,40108,7,30
Tokyo,Asics,MB1878,Male,39,Black,Pants,Û 99.00,7/20/2015,10:23 AM,---,7,30
Tokyo,Nike,Nike Elite Match Fit Mercurial Crew,Unisex,42-44,Blue,Socks,Û 21.00,7/20/2015,11:15 AM,43299,7,30
Tokyo,Asics,WB1820,Female,46,Multicolor,Pants,Û 89.00,7/20/2015,11:36 AM,---,7,30
Tokyo,Asics,MB1878,Male,36,Black,Pants,Û 99.00,7/20/2015,11:41 AM,40100,7,30
Tokyo,Asics,WB1820,Female,42,Yellow,Pants,Û 89.00,7/20/2015,11:47 AM,45113,7,30
Tokyo,Asics,Quick Light Cushion,Unisex,40-42,Blue,Socks,Û 19.00,7/20/2015,1:17 PM,---,7,30
Tokyo,Asics,WB1820,Female,41,Pink,Pants,Û 89.00,7/20/2015,1:30 PM,---,7,30
Tokyo,Asics,WB1820,Female,41,Pink,Pants,Û 89.00,7/20/2015,2:03 PM,41434,7,30
Tokyo,Nike,Nike Elite Match Fit Mercurial Crew,Unisex,38-40,Blue,Socks,Û 21.00,7/20/2015,2:22 PM,43547,7,30
Tokyo,Asics,Hera Deux Single Tab,Female,46-48,Pink,Socks,Û 12.99,7/20/2015,2:25 PM,---,7,30
Tokyo,Asics,MB1878,Male,36,Black,Pants,Û 99.00,7/20/2015,3:11 PM,48622,7,30
