Store,Brand,Type,Gender,Size,Color,Category,Sales Price,Date,Time,Loyalty,Month,
Tokyo,Adidas,Rocket Boost,Male,46,Black,Shoe,Û 110.00,7/15/2015,12:45 PM,44252,7,29
Tokyo,Adidas,Boston 5,Male,36,Multicolor,Shoe,Û 125.00,7/15/2015,1:08 PM,52023,7,29
Tokyo,Adidas,Boston 5,Female,36,Black,Shoe,Û 120.00,7/15/2015,1:59 PM,59643,7,29
Tokyo,Nike,Nike Elite Match Fit Mercurial Crew,Unisex,46-48,Black,Socks,Û 21.00,7/16/2015,7:46 AM,42778,7,29
Tokyo,Asics,Nimbus 17,Male,41,Black,Shoe,Û 128.00,7/16/2015,8:29 AM,41495,7,29
Tokyo,Nike,Pro Classic,Female,65E,Multicolor,Bra,Û 100.00,7/16/2015,8:45 AM,49917,7,29
Tokyo,Asics,MB1878,Male,43,Black,Pants,Û 99.00,7/16/2015,9:01 AM,---,7,29
Tokyo,Nike,Dri-Fit No-Show,Unisex,38-40,Green,Socks,Û 20.00,7/16/2015,9:36 AM,40553,7,29
Tokyo,Asics,WB1820,Female,46,Grey,Pants,Û 89.00,7/16/2015,10:19 AM,43529,7,29
Tokyo,Nike,Hyper Elite Crew,Unisex,38-40,Black,Socks,Û 20.00,7/16/2015,10:46 AM,49998,7,29
Tokyo,Asics,MB1878,Male,40,Black,Pants,Û 99.00,7/16/2015,11:06 AM,44052,7,29
Tokyo,Nike,Air Zoom,Male,44,Yellow,Shoe,Û 220.00,7/16/2015,12:41 PM,45136,7,29
Tokyo,Asics,WB2585,Female,41,Black,Pants,Û 99.00,7/16/2015,1:12 PM,47980,7,29
Tokyo,Asics,Hera Deux Single Tab,Female,36-38,Blue,Socks,Û 12.99,7/16/2015,1:46 PM,44016,7,29
Tokyo,Asics,WB1820,Female,44,Multicolor,Pants,Û 89.00,7/16/2015,2:09 PM,41351,7,29
Tokyo,Nike,Hyper Elite Crew,Unisex,36-38,Pink,Socks,Û 20.00,7/16/2015,2:19 PM,---,7,29
Tokyo,Asics,WB1820,Female,41,Blue,Pants,Û 89.00,7/16/2015,2:26 PM,---,7,29
Tokyo,Nike,Nike Elite Match Fit Mercurial Crew,Unisex,36-38,Black,Socks,Û 21.00,7/16/2015,2:34 PM,43039,7,29
Tokyo,Asics,Cummulus 17,Male,38,Multicolor,Shoe,Û 159.00,7/16/2015,2:55 PM,47887,7,29
Tokyo,Asics,MB1878,Male,41,Black,Pants,Û 99.00,7/16/2015,3:37 PM,41034,7,29
