Store,Brand,Type,Gender,Size,Color,Category,Sales Price,Date,Time,Loyalty,Month,
Tokyo,Asics,WB1820,Female,44,Green,Pants,Û 89.00,7/22/2015,1:23 PM,---,7,30
Tokyo,Asics,Kayano Single Tab,Unisex,44-46,Green,Socks,Û 24.99,7/22/2015,1:30 PM,38863,7,30
Rotterdam,Nike,Nike Elite Match Fit Mercurial Crew,Unisex,40-42,Green,Socks,Û 21.00,7/22/2015,1:54 PM,36525,7,30
Rotterdam,Asics,Hera Deux Single Tab,Female,44-46,Pink,Socks,Û 12.99,7/22/2015,2:04 PM,---,7,30
Rotterdam,Nike,Nike Elite Match Fit Mercurial Crew,Unisex,42-44,Black,Socks,Û 21.00,7/22/2015,2:07 PM,33348,7,30
Rotterdam,Asics,WB1820,Female,38,Green,Pants,Û 89.00,7/22/2015,2:14 PM,35128,7,30
Rotterdam,Nike,Dri-Fit No-Show,Unisex,36-38,Green,Socks,Û 20.00,7/22/2015,2:20 PM,31119,7,30
Rotterdam,Asics,WB1820,Female,44,Blue,Pants,Û 89.00,7/22/2015,2:20 PM,31119,7,30
Rotterdam,Asics,MB1878,Male,36,Black,Pants,Û 99.00,7/22/2015,2:42 PM,36082,7,30
Rotterdam,Asics,Quick Light Cushion,Unisex,40-42,Green,Socks,Û 19.00,7/22/2015,2:48 PM,34321,7,30
Rotterdam,Asics,MB1878,Male,42,Black,Pants,Û 99.00,7/22/2015,2:51 PM,---,7,30
Rotterdam,Asics,Gel Quantics ,Male,45,Black,Shoe,Û 120.00,7/22/2015,2:56 PM,36202,7,30
Rotterdam,Nike,Pro Fierce,Female,75E,Grey,Bra,Û 149.00,7/22/2015,3:01 PM,---,7,30
Rotterdam,Nike,Pro Fierce,Female,80B,Multicolor,Bra,Û 149.00,7/22/2015,3:08 PM,38449,7,30
Rotterdam,Asics,Kayano Single Tab,Unisex,42-44,Blue,Socks,Û 24.99,7/22/2015,3:08 PM,38449,7,30
Rotterdam,Asics,Hera Deux Single Tab,Female,38-40,Black,Socks,Û 12.99,7/22/2015,3:19 PM,39331,7,30
Rotterdam,Asics,WB1820,Female,44,Blue,Pants,Û 89.00,7/22/2015,3:52 PM,39643,7,30
Rotterdam,Asics,Hera Deux Single Tab,Female,36-38,Blue,Socks,Û 12.99,7/22/2015,4:13 PM,36310,7,30
Rotterdam,Asics,Cummulus 17,Female,42,Green,Shoe,Û 159.00,7/22/2015,4:23 PM,---,7,30
Rotterdam,Asics,MB1878,Male,43,Black,Pants,Û 99.00,7/22/2015,4:30 PM,---,7,30
