Store,Brand,Type,Gender,Size,Color,Category,Sales Price,Date,Time,Loyalty,Month,
Tokyo,Adidas,Rocket Boost,Male,43,Black,Shoe,Û 110.00,7/24/2015,2:20 PM,54250,7,30
Tokyo,Adidas,Boston 5,Male,42,Blue,Shoe,Û 125.00,7/24/2015,12:26 PM,49367,7,30
Tokyo,Adidas,Boston 5,Male,36,Green,Shoe,Û 125.00,7/24/2015,2:20 PM,56116,7,30
Tokyo,Adidas,Rocket Boost,Female,44,Multicolor,Shoe,Û 100.00,7/24/2015,3:39 PM,56761,7,30
Tokyo,Adidas,Ultra Boost,Male,39,Pink,Shoe,Û 139.00,7/24/2015,4:36 PM,50111,7,30
Tokyo,Adidas,Rocket Boost,Female,46,Pink,Shoe,Û 100.00,7/24/2015,4:16 PM,---,7,30
Tokyo,Adidas,Boston 5,Female,42,Multicolor,Shoe,Û 120.00,7/24/2015,11:53 AM,---,7,30
Tokyo,Adidas,Boston 5,Female,46,Blue,Shoe,Û 120.00,7/24/2015,10:03 AM,42587,7,30
Tokyo,Adidas,Boston 5,Female,43,Pink,Shoe,Û 120.00,7/24/2015,12:31 PM,---,7,30
Tokyo,Asics,Hera Deux Single Tab,Female,44-46,Blue,Socks,Û 12.99,7/25/2015,8:16 AM,43687,7,30
Tokyo,Asics,MB1878,Male,39,Black,Pants,Û 99.00,7/25/2015,9:12 AM,---,7,30
Tokyo,Asics,WB1820,Female,40,Pink,Pants,Û 89.00,7/25/2015,9:23 AM,---,7,30
Tokyo,Asics,WB1820,Female,39,Yellow,Pants,Û 89.00,7/25/2015,10:00 AM,---,7,30
Tokyo,Asics,MB1878,Male,46,Black,Pants,Û 99.00,7/25/2015,10:46 AM,41798,7,30
Tokyo,Nike,Hyper Elite Crew,Unisex,46-48,Black,Socks,Û 20.00,7/25/2015,10:46 AM,41798,7,30
Tokyo,Asics,WB1820,Female,37,Multicolor,Pants,Û 89.00,7/25/2015,10:49 AM,48222,7,30
Tokyo,Nike,Pro Hero,Female,70B,Black,Bra,Û 99.00,7/25/2015,11:06 AM,---,7,30
Tokyo,Asics,MB1878,Male,46,Black,Pants,Û 99.00,7/25/2015,11:39 AM,40997,7,30
Tokyo,Asics,WB1820,Female,36,Green,Pants,Û 89.00,7/25/2015,11:49 AM,43863,7,30
Tokyo,Asics,MB1878,Male,40,Black,Pants,Û 99.00,7/25/2015,12:18 PM,---,7,30
