Store,Brand,Type,Gender,Size,Color,Category,Sales Price,Date,Time,Loyalty,Month,
Tokyo,Nike,Pro Fierce,Female,90B,Pink,Bra,Û 149.00,7/26/2015,9:36 PM,57863,7,31
Tokyo,Asics,Cummulus 17,Female,38,Black,Shoe,Û 159.00,7/26/2015,10:43 PM,50344,7,31
Tokyo,Nike,Free 5.0,Male,40,Green,Shoe,Û 239.00,7/26/2015,10:56 PM,51001,7,31
Tokyo,Adidas,Rocket Boost,Male,43,Blue,Shoe,Û 110.00,7/26/2015,11:07 AM,41362,7,31
Tokyo,Adidas,Ultra Boost,Male,37,Pink,Shoe,Û 139.00,7/26/2015,1:13 PM,57704,7,31
Tokyo,Adidas,Ultra Boost,Female,46,Pink,Shoe,Û 139.00,7/26/2015,10:07 AM,53199,7,31
Tokyo,Adidas,Ultra Boost,Female,42,Multicolor,Shoe,Û 139.00,7/26/2015,1:46 PM,---,7,31
Tokyo,Adidas,Rocket Boost,Male,46,Yellow,Shoe,Û 110.00,7/26/2015,12:21 PM,42645,7,31
Tokyo,Adidas,Boston 5,Female,36,Yellow,Shoe,Û 120.00,7/26/2015,11:14 AM,---,7,31
Tokyo,Adidas,Rocket Boost,Female,38,Blue,Shoe,Û 100.00,7/26/2015,11:06 AM,57185,7,31
Tokyo,Adidas,Ultra Boost,Male,43,Grey,Shoe,Û 139.00,7/26/2015,11:46 AM,53130,7,31
Tokyo,Adidas,Rocket Boost,Female,46,Pink,Shoe,Û 100.00,7/26/2015,1:15 PM,57978,7,31
Tokyo,Adidas,Boston 5,Female,45,Pink,Shoe,Û 120.00,7/26/2015,2:22 PM,---,7,31
Tokyo,Adidas,Rocket Boost,Female,42,Multicolor,Shoe,Û 100.00,7/26/2015,4:36 PM,51828,7,31
Tokyo,Adidas,Rocket Boost,Female,36,Grey,Shoe,Û 100.00,7/26/2015,2:32 PM,57481,7,31
Tokyo,Adidas,Boston 5,Female,45,Green,Shoe,Û 120.00,7/26/2015,4:33 PM,---,7,31
Tokyo,Adidas,Rocket Boost,Female,46,Blue,Shoe,Û 100.00,7/26/2015,10:57 AM,---,7,31
Tokyo,Adidas,Rocket Boost,Female,45,Blue,Shoe,Û 100.00,7/26/2015,1:16 PM,43266,7,31
Tokyo,Nike,Pro Fierce,Female,80F,Blue,Bra,Û 149.00,7/27/2015,7:27 AM,---,7,31
Tokyo,Nike,Hyper Elite Crew,Unisex,44-46,Green,Socks,Û 20.00,7/27/2015,7:46 AM,---,7,31
