Store,Brand,Type,Gender,Size,Color,Category,Sales Price,Date,Time,Loyalty,Month,
Tokyo,Nike,Pro Fierce,Female,70B,Green,Bra,Û 149.00,7/19/2015,7:12 PM,58186,7,30
Tokyo,Nike,Pro Fierce,Female,65D,Pink,Bra,Û 149.00,7/19/2015,7:16 PM,51420,7,30
Tokyo,Asics,WB1820,Female,44,Yellow,Pants,Û 89.00,7/19/2015,7:19 PM,---,7,30
Tokyo,Asics,WB1820,Female,42,Pink,Pants,Û 89.00,7/19/2015,8:02 PM,---,7,30
Tokyo,Nike,Pro Hero,Female,65D,Green,Bra,Û 99.00,7/19/2015,8:03 PM,---,7,30
Tokyo,Asics,MB1878,Male,38,Black,Pants,Û 99.00,7/19/2015,8:09 PM,54959,7,30
Tokyo,Nike,Free 5.0,Female,44,Pink,Shoe,Û 239.00,7/19/2015,8:11 PM,58515,7,30
Tokyo,Nike,Pro Hero,Female,90E,Blue,Bra,Û 99.00,7/19/2015,8:21 PM,---,7,30
Tokyo,Asics,WB1820,Female,38,Green,Pants,Û 89.00,7/19/2015,8:21 PM,---,7,30
Tokyo,Nike,Pro Hero,Female,90F,Green,Bra,Û 99.00,7/19/2015,8:52 PM,---,7,30
Tokyo,Nike,Pro Classic,Female,75D,Blue,Bra,Û 100.00,7/19/2015,9:20 PM,---,7,30
Tokyo,Nike,Dri-Fit No-Show,Unisex,40-42,Black,Socks,Û 20.00,7/19/2015,9:24 PM,56752,7,30
Tokyo,Nike,Air Zoom,Female,42,Multicolor,Shoe,Û 230.00,7/19/2015,10:14 PM,56736,7,30
Tokyo,Asics,WB1820,Female,40,Grey,Pants,Û 89.00,7/19/2015,11:25 PM,54267,7,30
Tokyo,Adidas,Boston 5,Male,44,Pink,Shoe,Û 125.00,7/19/2015,12:09 PM,---,7,30
Tokyo,Adidas,Boston 5,Male,36,Yellow,Shoe,Û 125.00,7/19/2015,10:38 AM,---,7,30
Tokyo,Adidas,Rocket Boost,Female,42,Multicolor,Shoe,Û 100.00,7/19/2015,12:39 PM,51588,7,30
Tokyo,Adidas,Rocket Boost,Female,41,Multicolor,Shoe,Û 100.00,7/19/2015,2:15 PM,56923,7,30
Tokyo,Adidas,Rocket Boost,Male,40,Pink,Shoe,Û 110.00,7/19/2015,4:51 PM,---,7,30
Tokyo,Adidas,Boston 5,Female,40,Green,Shoe,Û 120.00,7/19/2015,11:40 AM,51924,7,30
