Store,Brand,Type,Gender,Size,Color,Category,Sales Price,Date,Time,Loyalty,Month,
Rotterdam,Asics,Quick Light Cushion,Unisex,44-46,Black,Socks,Û 19.00,7/24/2015,3:42 PM,31412,7,30
Rotterdam,Nike,Nike Elite Match Fit Mercurial Crew,Unisex,46-48,Pink,Socks,Û 21.00,7/24/2015,3:52 PM,31219,7,30
Rotterdam,Nike,Dri-Fit No-Show,Unisex,38-40,Blue,Socks,Û 20.00,7/24/2015,4:08 PM,36227,7,30
Rotterdam,Asics,WB1820,Female,43,Blue,Pants,Û 89.00,7/24/2015,4:30 PM,---,7,30
Rotterdam,Asics,Cummulus 17,Male,38,Multicolor,Shoe,Û 159.00,7/24/2015,4:30 PM,---,7,30
Rotterdam,Asics,Nimbus 17,Male,44,Black,Shoe,Û 128.00,7/24/2015,4:44 PM,37958,7,30
Rotterdam,Asics,WB1820,Female,42,Multicolor,Pants,Û 89.00,7/24/2015,4:49 PM,35948,7,30
Rotterdam,Asics,MB1878,Male,41,Black,Pants,Û 99.00,7/24/2015,4:56 PM,---,7,30
Rotterdam,Asics,MB1878,Male,39,Black,Pants,Û 99.00,7/24/2015,5:09 PM,39062,7,30
Rotterdam,Nike,Pro Fierce,Female,70B,Yellow,Bra,Û 149.00,7/24/2015,5:15 PM,35809,7,30
Rotterdam,Asics,MB1878,Male,46,Black,Pants,Û 99.00,7/24/2015,5:20 PM,32703,7,30
Rotterdam,Asics,WB2585,Female,44,Black,Pants,Û 99.00,7/24/2015,5:35 PM,---,7,30
Rotterdam,Nike,Pro Fierce,Female,75E,Yellow,Bra,Û 149.00,7/24/2015,5:42 PM,36438,7,30
Tokyo,Asics,WB1820,Female,39,Green,Pants,Û 89.00,7/24/2015,8:32 AM,57196,7,30
Tokyo,Asics,WB1820,Female,38,Multicolor,Pants,Û 89.00,7/24/2015,9:01 AM,54964,7,30
Tokyo,Asics,WB1820,Female,43,Black,Pants,Û 89.00,7/24/2015,9:05 AM,59479,7,30
Tokyo,Nike,Nike Elite Match Fit Mercurial Crew,Unisex,36-38,Green,Socks,Û 21.00,7/24/2015,9:05 AM,59479,7,30
Tokyo,Asics,Kayano Single Tab,Unisex,42-44,Blue,Socks,Û 24.99,7/24/2015,9:25 AM,---,7,30
Tokyo,Asics,WB1820,Female,42,Pink,Pants,Û 89.00,7/24/2015,9:38 AM,---,7,30
Tokyo,Nike,Pro Fierce,Female,90D,Grey,Bra,Û 149.00,7/24/2015,10:23 AM,---,7,30
