Store,Brand,Type,Gender,Size,Color,Category,Sales Price,Date,Time,Loyalty,Month,
Tokyo,Asics,WB1820,Female,37,Multicolor,Pants,Û 89.00,7/23/2015,8:11 PM,54054,7,30
Tokyo,Asics,Quick Light Cushion,Unisex,44-46,Green,Socks,Û 19.00,7/23/2015,9:43 PM,58549,7,30
Tokyo,Nike,Nike Elite Match Fit Mercurial Crew,Unisex,44-46,Green,Socks,Û 21.00,7/23/2015,9:51 PM,57773,7,30
Tokyo,Adidas,Ultra Boost,Female,43,Pink,Shoe,Û 139.00,7/23/2015,10:39 PM,50504,7,30
Tokyo,Nike,Hyper Elite Crew,Unisex,46-48,Pink,Socks,Û 20.00,7/23/2015,11:02 PM,59333,7,30
Tokyo,Nike,Hyper Elite Crew,Unisex,46-48,Pink,Socks,Û 20.00,7/23/2015,11:06 PM,50120,7,30
Tokyo,Adidas,Rocket Boost,Female,38,Pink,Shoe,Û 100.00,7/23/2015,2:01 PM,---,7,30
Tokyo,Adidas,Ultra Boost,Female,46,Blue,Shoe,Û 139.00,7/23/2015,4:28 PM,50864,7,30
Tokyo,Adidas,Boston 5,Male,39,Black,Shoe,Û 125.00,7/23/2015,5:28 PM,51453,7,30
Tokyo,Adidas,Ultra Boost,Male,37,Yellow,Shoe,Û 139.00,7/23/2015,11:30 AM,---,7,30
Tokyo,Adidas,Boston 5,Male,46,Blue,Shoe,Û 125.00,7/23/2015,5:02 PM,44715,7,30
Tokyo,Adidas,Boston 5,Male,40,Multicolor,Shoe,Û 125.00,7/23/2015,1:02 PM,---,7,30
Tokyo,Adidas,Rocket Boost,Female,45,Blue,Shoe,Û 100.00,7/23/2015,10:21 AM,50232,7,30
Tokyo,Adidas,Ultra Boost,Male,37,Yellow,Shoe,Û 139.00,7/23/2015,1:16 PM,56514,7,30
Tokyo,Nike,Dri-Fit No-Show,Unisex,42-44,Pink,Socks,Û 20.00,7/24/2015,7:12 AM,---,7,30
Tokyo,Asics,WB2585,Female,40,Black,Pants,Û 99.00,7/24/2015,7:16 AM,42459,7,30
Tokyo,Nike,Dri-Fit No-Show,Unisex,36-38,Pink,Socks,Û 20.00,7/24/2015,7:19 AM,43251,7,30
Tokyo,Asics,Cummulus 17,Male,44,Yellow,Shoe,Û 159.00,7/24/2015,7:23 AM,---,7,30
Tokyo,Nike,Hyper Elite Crew,Unisex,44-46,Black,Socks,Û 20.00,7/24/2015,7:36 AM,---,7,30
Tokyo,Asics,WB1820,Female,38,Grey,Pants,Û 89.00,7/24/2015,7:43 AM,---,7,30
