Store,Brand,Type,Gender,Size,Color,Category,Sales Price,Date,Time,Loyalty,Month,
Rotterdam,Nike,Pro Fierce,Female,75B,Yellow,Bra,Û 149.00,7/27/2015,4:43 PM,---,7,31
Rotterdam,Nike,Hyper Elite Crew,Unisex,44-46,Blue,Socks,Û 20.00,7/27/2015,5:02 PM,---,7,31
Rotterdam,Asics,WB1820,Female,41,Green,Pants,Û 89.00,7/27/2015,5:14 PM,30116,7,31
Rotterdam,Nike,Pro Classic,Female,85B,Black,Bra,Û 100.00,7/27/2015,5:17 PM,36208,7,31
Rotterdam,Nike,Nike Elite Match Fit Mercurial Crew,Unisex,36-38,Blue,Socks,Û 21.00,7/27/2015,5:27 PM,35034,7,31
Rotterdam,Asics,Kayano Single Tab,Unisex,44-46,Black,Socks,Û 24.99,7/27/2015,5:27 PM,---,7,31
Rotterdam,Asics,Quick Light Cushion,Unisex,40-42,Green,Socks,Û 19.00,7/27/2015,5:27 PM,---,7,31
Rotterdam,Asics,MB1878,Male,42,Black,Pants,Û 99.00,7/27/2015,5:28 PM,37613,7,31
Rotterdam,Asics,WB1820,Female,38,Yellow,Pants,Û 89.00,7/27/2015,5:38 PM,31427,7,31
Rotterdam,Asics,WB2585,Female,38,Black,Pants,Û 99.00,7/27/2015,5:40 PM,---,7,31
Tokyo,Nike,Pro Fierce,Female,80E,Pink,Bra,Û 149.00,7/27/2015,8:26 AM,59467,7,31
Tokyo,Nike,Pro Hero,Female,85D,Pink,Bra,Û 99.00,7/27/2015,9:08 AM,56004,7,31
Tokyo,Asics,WB1820,Female,38,Blue,Pants,Û 89.00,7/27/2015,10:22 AM,54195,7,31
Tokyo,Asics,Gel Quantics ,Female,36,Green,Shoe,Û 120.00,7/27/2015,10:30 AM,52868,7,31
Tokyo,Nike,Hyper Elite Crew,Unisex,46-48,Pink,Socks,Û 20.00,7/27/2015,10:45 AM,---,7,31
Tokyo,Nike,Hyper Elite Crew,Unisex,42-44,Pink,Socks,Û 20.00,7/27/2015,11:06 AM,---,7,31
Tokyo,Nike,Air Zoom,Male,44,Black,Shoe,Û 220.00,7/27/2015,11:12 AM,---,7,31
Tokyo,Nike,Air Zoom,Male,41,Blue,Shoe,Û 220.00,7/27/2015,11:19 AM,53950,7,31
Tokyo,Asics,Quick Light Cushion,Unisex,36-38,Pink,Socks,Û 19.00,7/27/2015,11:45 AM,55804,7,31
Tokyo,Asics,MB1878,Male,44,Black,Pants,Û 99.00,7/27/2015,11:49 AM,54536,7,31
