Store,Brand,Type,Gender,Size,Color,Category,Sales Price,Date,Time,Loyalty,Month,
Tokyo,Adidas,Ultra Boost,Male,41,Blue,Shoe,Û 139.00,7/17/2015,1:49 PM,40214,7,29
Tokyo,Adidas,Boston 5,Female,42,Multicolor,Shoe,Û 120.00,7/17/2015,2:30 PM,---,7,29
Tokyo,Adidas,Ultra Boost,Male,39,Blue,Shoe,Û 139.00,7/17/2015,12:26 PM,40850,7,29
Tokyo,Asics,MB1878,Male,44,Black,Pants,Û 99.00,7/18/2015,7:13 AM,43878,7,29
Tokyo,Asics,WB2585,Female,39,Black,Pants,Û 99.00,7/18/2015,7:13 AM,43878,7,29
Tokyo,Nike,Dri-Fit No-Show,Unisex,40-42,Blue,Socks,Û 20.00,7/18/2015,7:20 AM,---,7,29
Tokyo,Nike,Pro Fierce,Female,75C,Yellow,Bra,Û 149.00,7/18/2015,7:53 AM,48725,7,29
Tokyo,Asics,Hera Deux Single Tab,Female,36-38,Green,Socks,Û 12.99,7/18/2015,7:56 AM,45525,7,29
Tokyo,Asics,WB2585,Female,45,Black,Pants,Û 99.00,7/18/2015,8:16 AM,---,7,29
Tokyo,Asics,WB2585,Female,39,Black,Pants,Û 99.00,7/18/2015,8:44 AM,45349,7,29
Tokyo,Asics,MB1878,Male,37,Black,Pants,Û 99.00,7/18/2015,8:49 AM,47414,7,29
Tokyo,Asics,Kayano Single Tab,Unisex,40-42,Pink,Socks,Û 24.99,7/18/2015,8:54 AM,42612,7,29
Tokyo,Nike,Dri-Fit No-Show,Unisex,46-48,Blue,Socks,Û 20.00,7/18/2015,8:55 AM,45611,7,29
Tokyo,Nike,Hyper Elite Crew,Unisex,40-42,Blue,Socks,Û 20.00,7/18/2015,9:02 AM,---,7,29
Tokyo,Nike,Air Zoom,Male,39,Blue,Shoe,Û 230.00,7/18/2015,9:30 AM,47140,7,29
Tokyo,Asics,MB1878,Male,41,Black,Pants,Û 99.00,7/18/2015,9:43 AM,---,7,29
Tokyo,Asics,Kayano Single Tab,Unisex,42-44,Green,Socks,Û 24.99,7/18/2015,9:44 AM,43575,7,29
Tokyo,Asics,WB1820,Female,46,Blue,Pants,Û 89.00,7/18/2015,9:59 AM,44446,7,29
Tokyo,Asics,WB1820,Female,44,Black,Pants,Û 89.00,7/18/2015,11:28 AM,45828,7,29
Tokyo,Asics,WB1820,Female,38,Grey,Pants,Û 89.00,7/18/2015,11:48 AM,42773,7,29
