Store,Brand,Type,Gender,Size,Color,Category,Sales Price,Date,Time,Loyalty,Month,
Tokyo,Nike,Pro Fierce,Female,75A,Multicolor,Bra,Û 149.00,7/17/2015,6:02 PM,---,7,29
Tokyo,Nike,Hyper Elite Crew,Unisex,36-38,Black,Socks,Û 20.00,7/17/2015,6:21 PM,50482,7,29
Tokyo,Asics,Cummulus 17,Female,44,Grey,Shoe,Û 159.00,7/17/2015,7:27 PM,50163,7,29
Tokyo,Asics,WB1820,Female,39,Yellow,Pants,Û 89.00,7/17/2015,7:48 PM,58939,7,29
Tokyo,Nike,Hyper Elite Crew,Unisex,40-42,Pink,Socks,Û 20.00,7/17/2015,7:52 PM,53849,7,29
Tokyo,Asics,Kayano Single Tab,Unisex,38-40,Green,Socks,Û 24.99,7/17/2015,8:19 PM,---,7,29
Tokyo,Nike,Pro Fierce,Female,65F,Blue,Bra,Û 149.00,7/17/2015,9:14 PM,---,7,29
Tokyo,Nike,Dri-Fit No-Show,Unisex,42-44,Black,Socks,Û 20.00,7/17/2015,9:30 PM,---,7,29
Tokyo,Asics,WB1820,Female,44,Yellow,Pants,Û 89.00,7/17/2015,10:00 PM,---,7,29
Tokyo,Asics,Gel Quantics ,Female,41,Green,Shoe,Û 120.00,7/17/2015,10:20 PM,---,7,29
Tokyo,Nike,Hyper Elite Crew,Unisex,46-48,Pink,Socks,Û 20.00,7/17/2015,11:13 PM,---,7,29
Tokyo,Adidas,Rocket Boost,Female,41,Blue,Shoe,Û 100.00,7/17/2015,12:36 PM,57630,7,29
Tokyo,Adidas,Rocket Boost,Female,36,Grey,Shoe,Û 100.00,7/17/2015,11:30 AM,55698,7,29
Tokyo,Adidas,Rocket Boost,Male,43,Black,Shoe,Û 110.00,7/17/2015,12:24 PM,53593,7,29
Tokyo,Adidas,Rocket Boost,Female,46,Grey,Shoe,Û 100.00,7/17/2015,3:32 PM,54096,7,29
Tokyo,Adidas,Rocket Boost,Male,44,Black,Shoe,Û 110.00,7/17/2015,10:21 AM,56190,7,29
Tokyo,Adidas,Boston 5,Female,36,Yellow,Shoe,Û 120.00,7/17/2015,11:35 AM,57299,7,29
Tokyo,Adidas,Boston 5,Male,41,Blue,Shoe,Û 125.00,7/17/2015,2:50 PM,56057,7,29
Tokyo,Adidas,Boston 5,Male,43,Grey,Shoe,Û 125.00,7/17/2015,5:27 PM,50232,7,29
Tokyo,Adidas,Boston 5,Male,39,Pink,Shoe,Û 125.00,7/17/2015,11:38 AM,55863,7,29
