Store,Brand,Type,Gender,Size,Color,Category,Sales Price,Date,Time,Loyalty,Month,
Tokyo,Asics,Hera Deux Single Tab,Female,44-46,Blue,Socks,Û 12.99,7/19/2015,11:54 AM,---,7,30
Tokyo,Asics,WB1820,Female,41,Grey,Pants,Û 89.00,7/19/2015,12:20 PM,---,7,30
Tokyo,Asics,Kayano Single Tab,Unisex,46-48,Black,Socks,Û 24.99,7/19/2015,12:28 PM,56044,7,30
Tokyo,Asics,MB1878,Male,38,Black,Pants,Û 99.00,7/19/2015,1:00 PM,---,7,30
Tokyo,Nike,Pro Fierce,Female,70F,Black,Bra,Û 149.00,7/19/2015,2:08 PM,---,7,30
Tokyo,Asics,MB1878,Male,43,Black,Pants,Û 99.00,7/19/2015,3:21 PM,55662,7,30
Tokyo,Nike,Pro Fierce,Female,90E,Yellow,Bra,Û 149.00,7/19/2015,4:03 PM,58645,7,30
Tokyo,Nike,Dri-Fit No-Show,Unisex,46-48,Green,Socks,Û 20.00,7/19/2015,4:10 PM,---,7,30
Tokyo,Asics,WB1820,Female,40,Multicolor,Pants,Û 89.00,7/19/2015,4:12 PM,---,7,30
Tokyo,Nike,Elite Compression,Unisex,40-42,Pink,Socks,Û 23.99,7/19/2015,4:36 PM,56675,7,30
Tokyo,Asics,Hera Deux Single Tab,Female,40-42,Black,Socks,Û 12.99,7/19/2015,4:53 PM,51010,7,30
Tokyo,Asics,Kayano Single Tab,Unisex,44-46,Pink,Socks,Û 24.99,7/19/2015,4:56 PM,54610,7,30
Tokyo,Nike,Dri-Fit No-Show,Unisex,42-44,Pink,Socks,Û 20.00,7/19/2015,5:15 PM,---,7,30
Tokyo,Asics,Kayano Single Tab,Unisex,42-44,Black,Socks,Û 24.99,7/19/2015,5:49 PM,55626,7,30
Tokyo,Nike,Pro Hero,Female,80E,Multicolor,Bra,Û 99.00,7/19/2015,6:02 PM,50133,7,30
Tokyo,Nike,Pro Fierce,Female,90B,Yellow,Bra,Û 149.00,7/19/2015,6:12 PM,55185,7,30
Tokyo,Nike,Pro Fierce,Female,80C,Black,Bra,Û 149.00,7/19/2015,6:14 PM,58768,7,30
Tokyo,Asics,WB1820,Female,39,Blue,Pants,Û 89.00,7/19/2015,6:27 PM,---,7,30
Tokyo,Asics,MB1878,Male,41,Black,Pants,Û 99.00,7/19/2015,6:48 PM,57472,7,30
Tokyo,Nike,Pro Fierce,Female,80F,Black,Bra,Û 149.00,7/19/2015,7:07 PM,---,7,30
