Store,Brand,Type,Gender,Size,Color,Category,Sales Price,Date,Time,Loyalty,Month,
Tokyo,Asics,MB1878,Male,37,Black,Pants,Û 99.00,7/27/2015,6:44 PM,56521,7,31
Tokyo,Nike,Pro Hero,Female,75E,Grey,Bra,Û 99.00,7/27/2015,7:06 PM,---,7,31
Tokyo,Nike,Pro Fierce,Female,70C,Black,Bra,Û 149.00,7/27/2015,7:14 PM,---,7,31
Tokyo,Asics,Hera Deux Single Tab,Female,44-46,Pink,Socks,Û 12.99,7/27/2015,7:53 PM,56522,7,31
Tokyo,Nike,Air Zoom,Male,41,Pink,Shoe,Û 220.00,7/27/2015,8:16 PM,56215,7,31
Tokyo,Asics,WB1820,Female,37,Blue,Pants,Û 89.00,7/27/2015,8:39 PM,51892,7,31
Tokyo,Asics,WB1820,Female,46,Pink,Pants,Û 89.00,7/27/2015,8:44 PM,58391,7,31
Tokyo,Asics,MB1878,Male,37,Black,Pants,Û 99.00,7/27/2015,9:23 PM,51023,7,31
Tokyo,Asics,Hera Deux Single Tab,Female,36-38,Black,Socks,Û 12.99,7/27/2015,10:12 PM,---,7,31
Tokyo,Nike,Dri-Fit No-Show,Unisex,46-48,Blue,Socks,Û 20.00,7/27/2015,10:20 PM,---,7,31
Tokyo,Nike,Pro Indy,Female,70E,Green,Bra,Û 123.00,7/27/2015,10:56 PM,---,7,31
Tokyo,Adidas,Boston 5,Female,43,Blue,Shoe,Û 120.00,7/27/2015,5:28 PM,---,7,31
Tokyo,Adidas,Rocket Boost,Male,39,Green,Shoe,Û 110.00,7/27/2015,2:14 PM,---,7,31
Tokyo,Adidas,Boston 5,Male,36,Green,Shoe,Û 125.00,7/27/2015,3:57 PM,58576,7,31
Tokyo,Adidas,Ultra Boost,Male,45,Green,Shoe,Û 139.00,7/27/2015,3:34 PM,---,7,31
Tokyo,Adidas,Ultra Boost,Male,37,Pink,Shoe,Û 139.00,7/27/2015,12:03 PM,59612,7,31
Tokyo,Adidas,Boston 5,Male,41,Pink,Shoe,Û 125.00,7/27/2015,11:58 AM,55273,7,31
Tokyo,Adidas,Ultra Boost,Female,40,Black,Shoe,Û 139.00,7/27/2015,2:25 PM,50593,7,31
Tokyo,Adidas,Boston 5,Female,43,Blue,Shoe,Û 120.00,7/27/2015,3:21 PM,59517,7,31
Tokyo,Adidas,Ultra Boost,Female,44,Pink,Shoe,Û 139.00,7/27/2015,3:19 PM,---,7,31
