Store,Brand,Type,Gender,Size,Color,Category,Sales Price,Date,Time,Loyalty,Month,
Rotterdam,Nike,Nike Elite Match Fit Mercurial Crew,Unisex,46-48,Blue,Socks,Û 21.00,7/23/2015,11:30 AM,39834,7,30
Rotterdam,Asics,MB1878,Male,42,Black,Pants,Û 99.00,7/23/2015,12:26 PM,---,7,30
Rotterdam,Asics,Kayano Single Tab,Unisex,46-48,Blue,Socks,Û 24.99,7/23/2015,12:29 PM,30764,7,30
Rotterdam,Asics,WB1820,Female,37,Yellow,Pants,Û 89.00,7/23/2015,12:55 PM,32309,7,30
Rotterdam,Asics,MB1878,Male,37,Black,Pants,Û 99.00,7/23/2015,12:58 PM,35910,7,30
Rotterdam,Nike,Pro Indy,Female,70E,Green,Bra,Û 123.00,7/23/2015,1:10 PM,30289,7,30
Rotterdam,Asics,WB1820,Female,42,Multicolor,Pants,Û 89.00,7/23/2015,1:16 PM,33520,7,30
Rotterdam,Asics,WB1820,Female,46,Blue,Pants,Û 89.00,7/23/2015,1:18 PM,37501,7,30
Rotterdam,Nike,Pro Fierce,Female,65F,Yellow,Bra,Û 149.00,7/23/2015,1:18 PM,---,7,30
Rotterdam,Nike,Air Zoom,Female,46,Black,Shoe,Û 230.00,7/23/2015,1:21 PM,31759,7,30
Rotterdam,Asics,MB1878,Male,46,Black,Pants,Û 99.00,7/23/2015,1:23 PM,---,7,30
Rotterdam,Adidas,Boston 5,Male,43,Yellow,Shoe,Û 125.00,7/23/2015,2:01 PM,32773,7,30
Rotterdam,Asics,Kayano Single Tab,Unisex,36-38,Blue,Socks,Û 24.99,7/23/2015,2:30 PM,---,7,30
Rotterdam,Nike,Free 5.0,Female,42,Multicolor,Shoe,Û 239.00,7/23/2015,2:32 PM,37472,7,30
Rotterdam,Asics,MB1878,Male,38,Black,Pants,Û 99.00,7/23/2015,2:55 PM,37540,7,30
Rotterdam,Nike,Dri-Fit No-Show,Unisex,44-46,Green,Socks,Û 20.00,7/23/2015,2:58 PM,33079,7,30
Rotterdam,Nike,Nike Elite Match Fit Mercurial Crew,Unisex,46-48,Green,Socks,Û 21.00,7/23/2015,3:06 PM,---,7,30
Rotterdam,Asics,Quick Light Cushion,Unisex,44-46,Pink,Socks,Û 19.00,7/23/2015,3:08 PM,---,7,30
Rotterdam,Nike,Hyper Elite Crew,Unisex,42-44,Black,Socks,Û 20.00,7/23/2015,3:26 PM,---,7,30
Rotterdam,Asics,WB1820,Female,37,Blue,Pants,Û 89.00,7/23/2015,3:31 PM,30846,7,30
