Store,Brand,Type,Gender,Size,Color,Category,Sales Price,Date,Time,Loyalty,Month,
Rotterdam,Nike,Pro Fierce,Female,85D,Black,Bra,Û 149.00,7/21/2015,12:58 PM,34350,7,30
Tokyo,Asics,WB2585,Female,36,Black,Pants,Û 99.00,7/21/2015,1:13 PM,32953,7,30
Tokyo,Asics,Quick Light Cushion,Unisex,46-48,Black,Socks,Û 19.00,7/21/2015,1:21 PM,35785,7,30
Tokyo,Asics,MB1878,Male,41,Black,Pants,Û 99.00,7/21/2015,1:28 PM,31058,7,30
Tokyo,Asics,WB1820,Female,41,Yellow,Pants,Û 89.00,7/21/2015,1:34 PM,---,7,30
Tokyo,Asics,MB1878,Male,38,Black,Pants,Û 99.00,7/21/2015,2:01 PM,33544,7,30
Tokyo,Asics,MB1878,Male,41,Black,Pants,Û 99.00,7/21/2015,2:10 PM,33371,7,30
Tokyo,Asics,Quick Light Cushion,Unisex,40-42,Black,Socks,Û 19.00,7/21/2015,2:25 PM,---,7,30
Tokyo,Asics,Quick Light Cushion,Unisex,42-44,Black,Socks,Û 19.00,7/21/2015,2:30 PM,---,7,30
Rotterdam,Nike,Pro Hero,Female,70E,Green,Bra,Û 99.00,7/21/2015,2:53 PM,---,7,30
Tokyo,Asics,Kayano Single Tab,Unisex,44-46,Pink,Socks,Û 24.99,7/21/2015,2:56 PM,---,7,30
Tokyo,Asics,Hera Deux Single Tab,Female,40-42,Blue,Socks,Û 12.99,7/21/2015,2:56 PM,---,7,30
Tokyo,Asics,Hera Deux Single Tab,Female,42-44,Green,Socks,Û 12.99,7/21/2015,2:56 PM,---,7,30
Rotterdam,Nike,Air Zoom,Female,38,Blue,Shoe,Û 230.00,7/21/2015,3:04 PM,---,7,30
Tokyo,Asics,WB1820,Female,37,Multicolor,Pants,Û 89.00,7/21/2015,3:06 PM,36614,7,30
Rotterdam,Nike,Dri-Fit No-Show,Unisex,36-38,Blue,Socks,Û 20.00,7/21/2015,3:24 PM,---,7,30
Rotterdam,Nike,Pro Fierce,Female,90A,Blue,Bra,Û 149.00,7/21/2015,3:29 PM,36165,7,30
Tokyo,Asics,Hera Deux Single Tab,Female,42-44,Black,Socks,Û 12.99,7/21/2015,3:32 PM,31348,7,30
Rotterdam,Nike,Dri-Fit No-Show,Unisex,46-48,Black,Socks,Û 20.00,7/21/2015,3:32 PM,31348,7,30
Tokyo,Asics,WB1820,Female,45,Blue,Pants,Û 89.00,7/21/2015,3:55 PM,33362,7,30
