Store,Brand,Type,Gender,Size,Color,Category,Sales Price,Date,Time,Loyalty,Month,
Tokyo,Nike,Dri-Fit No-Show,Unisex,46-48,Pink,Socks,Û 20.00,7/16/2015,11:39 PM,---,7,29
Tokyo,Nike,Nike Elite Match Fit Mercurial Crew,Unisex,44-46,Pink,Socks,Û 21.00,7/16/2015,11:49 PM,47235,7,29
Tokyo,Nike,Free 5.0,Female,38,Pink,Shoe,Û 239.00,7/16/2015,9:49 AM,---,7,29
Tokyo,Asics,WB1820,Female,41,Pink,Pants,Û 89.00,7/16/2015,9:50 AM,30978,7,29
Tokyo,Nike,Nike Elite Match Fit Mercurial Crew,Unisex,40-42,Blue,Socks,Û 21.00,7/16/2015,9:52 AM,33292,7,29
Tokyo,Asics,WB1820,Female,40,Pink,Pants,Û 89.00,7/16/2015,10:07 AM,37877,7,29
Tokyo,Asics,WB2585,Female,46,Black,Pants,Û 99.00,7/16/2015,10:10 AM,33171,7,29
Tokyo,Nike,Pro Hero,Female,65D,Green,Bra,Û 99.00,7/16/2015,10:10 AM,33171,7,29
Tokyo,Asics,WB1820,Female,37,Multicolor,Pants,Û 89.00,7/16/2015,10:15 AM,39486,7,29
Tokyo,Asics,WB1820,Female,41,Pink,Pants,Û 89.00,7/16/2015,10:23 AM,37644,7,29
Tokyo,Asics,Hera Deux Single Tab,Female,44-46,Blue,Socks,Û 12.99,7/16/2015,10:26 AM,---,7,29
Tokyo,Nike,Free 5.0,Male,45,Multicolor,Shoe,Û 239.00,7/16/2015,11:10 AM,38833,7,29
Tokyo,Nike,Nike Elite Match Fit Mercurial Crew,Unisex,44-46,Black,Socks,Û 21.00,7/16/2015,11:15 AM,33314,7,29
Tokyo,Nike,Nike Elite Match Fit Mercurial Crew,Unisex,46-48,Blue,Socks,Û 21.00,7/16/2015,11:17 AM,34399,7,29
Tokyo,Nike,Air Zoom,Female,45,Grey,Shoe,Û 230.00,7/16/2015,11:30 AM,31672,7,29
Tokyo,Asics,Cummulus 17,Male,39,Yellow,Shoe,Û 159.00,7/16/2015,11:32 AM,33502,7,29
Tokyo,Asics,MB1878,Male,36,Black,Pants,Û 99.00,7/16/2015,11:38 AM,---,7,29
Tokyo,Asics,Hera Deux Single Tab,Female,44-46,Green,Socks,Û 12.99,7/16/2015,11:45 AM,---,7,29
Tokyo,Nike,Dri-Fit No-Show,Unisex,44-46,Blue,Socks,Û 20.00,7/16/2015,11:58 AM,---,7,29
Tokyo,Nike,Dri-Fit No-Show,Unisex,42-44,Pink,Socks,Û 20.00,7/16/2015,12:04 PM,32861,7,29
