Store,Brand,Type,Gender,Size,Color,Category,Sales Price,Date,Time,Loyalty,Month,
Rotterdam,Nike,Pro Fierce,Female,85F,Pink,Bra,Û 149.00,7/21/2015,4:13 PM,---,7,30
Rotterdam,Nike,Dri-Fit No-Show,Unisex,46-48,Green,Socks,Û 20.00,7/21/2015,4:26 PM,---,7,30
Tokyo,Asics,WB2585,Female,43,Black,Pants,Û 99.00,7/21/2015,4:31 PM,30717,7,30
Tokyo,Asics,Quick Light Cushion,Unisex,38-40,Blue,Socks,Û 19.00,7/21/2015,4:43 PM,30226,7,30
Rotterdam,Nike,Air Zoom,Male,37,Green,Shoe,Û 220.00,7/21/2015,4:43 PM,---,7,30
Tokyo,Asics,WB1820,Female,42,Multicolor,Pants,Û 89.00,7/21/2015,4:52 PM,35009,7,30
Rotterdam,Nike,Pro Hero,Female,80D,Pink,Bra,Û 99.00,7/21/2015,5:12 PM,39351,7,30
Tokyo,Asics,WB1820,Female,36,Yellow,Pants,Û 89.00,7/21/2015,5:14 PM,---,7,30
Tokyo,Asics,WB1820,Female,36,Black,Pants,Û 89.00,7/21/2015,5:28 PM,30057,7,30
Rotterdam,Nike,Free 5.0,Female,40,Pink,Shoe,Û 239.00,7/21/2015,5:32 PM,32196,7,30
Tokyo,Asics,WB1820,Female,37,Yellow,Pants,Û 89.00,7/21/2015,5:35 PM,32343,7,30
Tokyo,Nike,Dri-Fit No-Show,Unisex,46-48,Green,Socks,Û 20.00,7/21/2015,8:29 AM,55197,7,30
Tokyo,Nike,Pro Fierce,Female,75D,Grey,Bra,Û 149.00,7/21/2015,9:05 AM,---,7,30
Tokyo,Asics,Cummulus 17,Male,40,Black,Shoe,Û 159.00,7/21/2015,9:34 AM,54461,7,30
Tokyo,Asics,Cummulus 17,Female,41,Blue,Shoe,Û 159.00,7/21/2015,9:38 AM,58792,7,30
Tokyo,Asics,Kayano Single Tab,Unisex,40-42,Black,Socks,Û 24.99,7/21/2015,10:20 AM,58725,7,30
Tokyo,Nike,Hyper Elite Crew,Unisex,40-42,Black,Socks,Û 20.00,7/21/2015,10:32 AM,52529,7,30
Tokyo,Nike,Pro Indy,Female,75E,Black,Bra,Û 123.00,7/21/2015,10:52 AM,53877,7,30
Tokyo,Nike,Pro Indy,Female,85C,Black,Bra,Û 123.00,7/21/2015,12:23 PM,54708,7,30
Tokyo,Asics,Kayano Single Tab,Unisex,42-44,Green,Socks,Û 24.99,7/21/2015,1:13 PM,---,7,30
