Store,Brand,Type,Gender,Size,Color,Category,Sales Price,Date,Time,Loyalty,Month,
Tokyo,Asics,Quick Light Cushion,Unisex,36-38,Pink,Socks,Û 19.00,7/20/2015,4:22 PM,---,7,30
Tokyo,Asics,Kayano Single Tab,Unisex,38-40,Blue,Socks,Û 24.99,7/20/2015,4:35 PM,---,7,30
Tokyo,Asics,WB1820,Female,42,Grey,Pants,Û 89.00,7/20/2015,4:45 PM,43494,7,30
Tokyo,Asics,Cummulus 17,Male,37,Black,Shoe,Û 159.00,7/20/2015,4:46 PM,45289,7,30
Tokyo,Asics,Nimbus 17,Male,44,Blue,Shoe,Û 128.00,7/20/2015,4:50 PM,49197,7,30
Tokyo,Asics,Hera Deux Single Tab,Female,44-46,Green,Socks,Û 12.99,7/20/2015,5:15 PM,44042,7,30
Tokyo,Asics,MB1878,Male,36,Black,Pants,Û 99.00,7/20/2015,5:31 PM,---,7,30
Tokyo,Asics,Quick Light Cushion,Unisex,44-46,Blue,Socks,Û 19.00,7/20/2015,5:51 PM,---,7,30
Tokyo,Asics,Quick Light Cushion,Unisex,38-40,Green,Socks,Û 19.00,7/20/2015,6:33 PM,46409,7,30
Tokyo,Asics,WB1820,Female,45,Multicolor,Pants,Û 89.00,7/20/2015,7:29 PM,42878,7,30
Tokyo,Asics,WB1820,Female,40,Yellow,Pants,Û 89.00,7/20/2015,7:50 PM,46447,7,30
Tokyo,Asics,WB1820,Female,44,Black,Pants,Û 89.00,7/20/2015,7:52 PM,40382,7,30
Tokyo,Asics,MB1878,Male,44,Black,Pants,Û 99.00,7/20/2015,8:15 PM,44100,7,30
Tokyo,Nike,Pro Hero,Female,80F,Multicolor,Bra,Û 99.00,7/20/2015,8:48 PM,40009,7,30
Tokyo,Asics,Kayano Single Tab,Unisex,44-46,Black,Socks,Û 24.99,7/20/2015,10:30 PM,---,7,30
Tokyo,Asics,MB1878,Male,45,Black,Pants,Û 99.00,7/20/2015,10:59 PM,---,7,30
Tokyo,Asics,Kayano Single Tab,Unisex,36-38,Black,Socks,Û 24.99,7/20/2015,10:00 AM,---,7,30
Rotterdam,Nike,Nike Elite Match Fit Mercurial Crew,Unisex,46-48,Blue,Socks,Û 21.00,7/20/2015,10:03 AM,---,7,30
Rotterdam,Nike,Elite Compression,Unisex,38-40,Black,Socks,Û 23.99,7/20/2015,10:08 AM,31104,7,30
Tokyo,Asics,MB1878,Male,37,Black,Pants,Û 99.00,7/20/2015,10:12 AM,---,7,30
