Store,Brand,Type,Gender,Size,Color,Category,Sales Price,Date,Time,Loyalty,Month,
Tokyo,Asics,Kayano Single Tab,Unisex,44-46,Pink,Socks,Û 24.99,7/28/2015,8:54 PM,43643,7,31
Tokyo,Asics,Quick Light Cushion,Unisex,40-42,Black,Socks,Û 19.00,7/28/2015,8:55 PM,44606,7,31
Tokyo,Asics,WB1820,Female,37,Grey,Pants,Û 89.00,7/28/2015,9:05 PM,44007,7,31
Tokyo,Asics,MB1878,Male,41,Black,Pants,Û 99.00,7/28/2015,9:41 PM,43157,7,31
Tokyo,Nike,Dri-Fit No-Show,Unisex,42-44,Black,Socks,Û 20.00,7/28/2015,10:03 PM,47561,7,31
Tokyo,Asics,Hera Deux Single Tab,Female,46-48,Black,Socks,Û 12.99,7/28/2015,10:22 PM,---,7,31
Tokyo,Nike,Pro Fierce,Female,85D,Multicolor,Bra,Û 149.00,7/28/2015,10:46 PM,48151,7,31
Tokyo,Asics,WB1820,Female,45,Multicolor,Pants,Û 89.00,7/28/2015,10:49 PM,43016,7,31
Tokyo,Asics,MB1878,Male,39,Black,Pants,Û 99.00,7/28/2015,11:28 PM,45326,7,31
Tokyo,Asics,MB1878,Male,40,Black,Pants,Û 99.00,7/28/2015,11:52 PM,48268,7,31
Rotterdam,Nike,Nike Elite Match Fit Mercurial Crew,Unisex,40-42,Pink,Socks,Û 21.00,7/28/2015,9:36 AM,31990,7,31
Rotterdam,Asics,Cummulus 17,Male,37,Blue,Shoe,Û 159.00,7/28/2015,9:40 AM,---,7,31
Rotterdam,Asics,Hera Deux Single Tab,Female,36-38,Blue,Socks,Û 12.99,7/28/2015,9:42 AM,37769,7,31
Rotterdam,Asics,WB1820,Female,41,Grey,Pants,Û 89.00,7/28/2015,9:45 AM,---,7,31
Rotterdam,Asics,Hera Deux Single Tab,Female,36-38,Black,Socks,Û 12.99,7/28/2015,10:38 AM,30760,7,31
Rotterdam,Asics,Kayano Single Tab,Unisex,40-42,Black,Socks,Û 24.99,7/28/2015,10:43 AM,31632,7,31
Rotterdam,Nike,Air Zoom,Female,39,Blue,Shoe,Û 230.00,7/28/2015,11:01 AM,---,7,31
Rotterdam,Nike,Hyper Elite Crew,Unisex,46-48,Green,Socks,Û 20.00,7/28/2015,11:01 AM,---,7,31
Rotterdam,Nike,Pro Fierce,Female,85B,Blue,Bra,Û 149.00,7/28/2015,11:06 AM,---,7,31
Rotterdam,Asics,WB2585,Female,43,Black,Pants,Û 99.00,7/28/2015,11:27 AM,37594,7,31
