Store,Brand,Type,Gender,Size,Color,Category,Sales Price,Date,Time,Loyalty,Month,
Tokyo,Adidas,Boston 5,Male,41,Pink,Shoe,Û 125.00,7/27/2015,11:42 AM,---,7,31
Tokyo,Adidas,Rocket Boost,Female,39,Green,Shoe,Û 100.00,7/27/2015,5:22 PM,---,7,31
Tokyo,Adidas,Rocket Boost,Male,42,Black,Shoe,Û 110.00,7/27/2015,2:19 PM,46956,7,31
Tokyo,Asics,Quick Light Cushion,Unisex,44-46,Green,Socks,Û 19.00,7/28/2015,7:37 AM,---,7,31
Tokyo,Asics,WB1820,Female,44,Black,Pants,Û 89.00,7/28/2015,7:37 AM,---,7,31
Tokyo,Asics,WB1820,Female,39,Grey,Pants,Û 89.00,7/28/2015,7:49 AM,44762,7,31
Tokyo,Asics,Cummulus 17,Male,46,Pink,Shoe,Û 159.00,7/28/2015,8:35 AM,---,7,31
Tokyo,Nike,Nike Elite Match Fit Mercurial Crew,Unisex,46-48,Pink,Socks,Û 21.00,7/28/2015,8:48 AM,---,7,31
Tokyo,Asics,MB1878,Male,41,Black,Pants,Û 99.00,7/28/2015,9:04 AM,49836,7,31
Tokyo,Nike,Hyper Elite Crew,Unisex,36-38,Pink,Socks,Û 20.00,7/28/2015,9:11 AM,---,7,31
Tokyo,Asics,Hera Deux Single Tab,Female,46-48,Green,Socks,Û 12.99,7/28/2015,9:30 AM,48269,7,31
Tokyo,Asics,Quick Light Cushion,Unisex,36-38,Black,Socks,Û 19.00,7/28/2015,9:51 AM,---,7,31
Tokyo,Asics,MB1878,Male,42,Black,Pants,Û 99.00,7/28/2015,10:06 AM,41818,7,31
Tokyo,Asics,WB1820,Female,46,Yellow,Pants,Û 89.00,7/28/2015,10:19 AM,48083,7,31
Tokyo,Asics,WB2585,Female,37,Black,Pants,Û 99.00,7/28/2015,10:20 AM,43324,7,31
Tokyo,Asics,WB2585,Female,44,Black,Pants,Û 99.00,7/28/2015,11:11 AM,42520,7,31
Tokyo,Asics,Cummulus 17,Male,38,Blue,Shoe,Û 159.00,7/28/2015,12:00 PM,45908,7,31
Tokyo,Asics,MB1878,Male,43,Black,Pants,Û 99.00,7/28/2015,12:00 PM,---,7,31
Tokyo,Asics,WB2585,Female,38,Black,Pants,Û 99.00,7/28/2015,12:10 PM,49764,7,31
Tokyo,Nike,Pro Hero,Female,75E,Multicolor,Bra,Û 99.00,7/28/2015,1:27 PM,40125,7,31
