Store,Brand,Type,Gender,Size,Color,Category,Sales Price,Date,Time,Loyalty,Month,
Tokyo,Nike,Nike Elite Match Fit Mercurial Crew,Unisex,38-40,Blue,Socks,Û 21.00,7/26/2015,9:37 PM,---,7,31
Tokyo,Nike,Dri-Fit No-Show,Unisex,40-42,Green,Socks,Û 20.00,7/26/2015,10:00 PM,46218,7,31
Tokyo,Asics,MB1878,Male,46,Black,Pants,Û 99.00,7/26/2015,10:42 PM,49453,7,31
Tokyo,Nike,Dri-Fit No-Show,Unisex,38-40,Blue,Socks,Û 20.00,7/26/2015,10:48 PM,46745,7,31
Rotterdam,Asics,MB1878,Male,41,Black,Pants,Û 99.00,7/26/2015,9:32 AM,35546,7,31
Rotterdam,Asics,WB1820,Female,41,Multicolor,Pants,Û 89.00,7/26/2015,10:12 AM,---,7,31
Rotterdam,Nike,Nike Elite Match Fit Mercurial Crew,Unisex,46-48,Blue,Socks,Û 21.00,7/26/2015,10:18 AM,32259,7,31
Rotterdam,Asics,WB2585,Female,46,Black,Pants,Û 99.00,7/26/2015,10:20 AM,36638,7,31
Rotterdam,Nike,Pro Indy,Female,70C,Green,Bra,Û 123.00,7/26/2015,10:41 AM,---,7,31
Rotterdam,Nike,Dri-Fit No-Show,Unisex,38-40,Pink,Socks,Û 20.00,7/26/2015,10:46 AM,---,7,31
Rotterdam,Asics,Hera Deux Single Tab,Female,42-44,Green,Socks,Û 12.99,7/26/2015,10:48 AM,---,7,31
Rotterdam,Nike,Pro Hero,Female,90D,Black,Bra,Û 99.00,7/26/2015,10:52 AM,31672,7,31
Rotterdam,Nike,Pro Hero,Female,70A,Blue,Bra,Û 99.00,7/26/2015,11:01 AM,36278,7,31
Rotterdam,Nike,Nike Elite Match Fit Mercurial Crew,Unisex,38-40,Blue,Socks,Û 21.00,7/26/2015,11:06 AM,31800,7,31
Rotterdam,Asics,MB1878,Male,36,Black,Pants,Û 99.00,7/26/2015,11:20 AM,---,7,31
Rotterdam,Nike,Pro Classic,Female,70B,Pink,Bra,Û 100.00,7/26/2015,11:24 AM,30102,7,31
Rotterdam,Asics,Hera Deux Single Tab,Female,42-44,Black,Socks,Û 12.99,7/26/2015,11:27 AM,39681,7,31
Rotterdam,Nike,Nike Elite Match Fit Mercurial Crew,Unisex,42-44,Pink,Socks,Û 21.00,7/26/2015,11:28 AM,32488,7,31
Rotterdam,Nike,Hyper Elite Crew,Unisex,42-44,Black,Socks,Û 20.00,7/26/2015,11:30 AM,---,7,31
Rotterdam,Nike,Dri-Fit No-Show,Unisex,38-40,Green,Socks,Û 20.00,7/26/2015,12:29 PM,30044,7,31
