Store,Brand,Type,Gender,Size,Color,Category,Sales Price,Date,Time,Loyalty,Month,
Tokyo,Asics,WB1820,Female,36,Yellow,Pants,Û 89.00,7/15/2015,8:48 AM,50590,7,29
Tokyo,Nike,Free 5.0,Female,45,Grey,Shoe,Û 239.00,7/15/2015,10:32 AM,59195,7,29
Tokyo,Asics,Hera Deux Single Tab,Female,36-38,Blue,Socks,Û 12.99,7/15/2015,10:33 AM,---,7,29
Tokyo,Nike,Nike Elite Match Fit Mercurial Crew,Unisex,38-40,Pink,Socks,Û 21.00,7/15/2015,11:09 AM,55346,7,29
Tokyo,Nike,Dri-Fit No-Show,Unisex,46-48,Black,Socks,Û 20.00,7/15/2015,12:31 PM,---,7,29
Tokyo,Nike,Pro Hero,Female,75D,Pink,Bra,Û 99.00,7/15/2015,12:43 PM,56005,7,29
Tokyo,Nike,Nike Elite Match Fit Mercurial Crew,Unisex,46-48,Pink,Socks,Û 21.00,7/15/2015,1:03 PM,---,7,29
Tokyo,Asics,Quick Light Cushion,Unisex,38-40,Green,Socks,Û 19.00,7/15/2015,1:04 PM,51488,7,29
Tokyo,Nike,Free 5.0,Female,37,Black,Shoe,Û 239.00,7/15/2015,1:19 PM,54732,7,29
Tokyo,Nike,Free 5.0,Female,42,Blue,Shoe,Û 239.00,7/15/2015,2:13 PM,51159,7,29
Tokyo,Nike,Hyper Elite Crew,Unisex,42-44,Black,Socks,Û 20.00,7/15/2015,2:18 PM,52608,7,29
Tokyo,Nike,Pro Classic,Female,70E,Yellow,Bra,Û 100.00,7/15/2015,2:28 PM,59768,7,29
Tokyo,Asics,WB1820,Female,44,Yellow,Pants,Û 89.00,7/15/2015,2:31 PM,---,7,29
Tokyo,Nike,Free 5.0,Female,42,Multicolor,Shoe,Û 239.00,7/15/2015,2:34 PM,---,7,29
Tokyo,Nike,Free 5.0,Female,46,Pink,Shoe,Û 239.00,7/15/2015,2:41 PM,59547,7,29
Tokyo,Asics,WB1820,Female,44,Black,Pants,Û 89.00,7/15/2015,2:44 PM,52612,7,29
Tokyo,Asics,WB1820,Female,36,Pink,Pants,Û 89.00,7/15/2015,2:48 PM,---,7,29
Tokyo,Asics,MB1878,Male,37,Black,Pants,Û 99.00,7/15/2015,3:02 PM,50495,7,29
Tokyo,Asics,MB1878,Male,41,Black,Pants,Û 99.00,7/15/2015,3:14 PM,58461,7,29
Tokyo,Nike,Pro Hero,Female,70D,Yellow,Bra,Û 99.00,7/15/2015,3:34 PM,57350,7,29
