Store,Brand,Type,Gender,Size,Color,Category,Sales Price,Date,Time,Loyalty,Month,
Tokyo,Asics,Nimbus 17,Male,39,Yellow,Shoe,Û 128.00,7/15/2015,2:02 PM,33712,7,29
Tokyo,Nike,Free 5.0,Female,43,Grey,Shoe,Û 239.00,7/15/2015,2:20 PM,31195,7,29
Tokyo,Asics,MB1878,Male,43,Black,Pants,Û 99.00,7/15/2015,2:24 PM,39449,7,29
Tokyo,Asics,Kayano Single Tab,Unisex,44-46,Pink,Socks,Û 24.99,7/15/2015,2:32 PM,---,7,29
Tokyo,Asics,WB1820,Female,46,Black,Pants,Û 89.00,7/15/2015,2:45 PM,---,7,29
Tokyo,Asics,Nimbus 17,Male,39,Black,Shoe,Û 128.00,7/15/2015,2:48 PM,35138,7,29
Tokyo,Asics,WB1820,Female,45,Green,Pants,Û 89.00,7/15/2015,2:55 PM,---,7,29
Tokyo,Nike,Pro Hero,Female,65D,Blue,Bra,Û 99.00,7/15/2015,2:58 PM,33160,7,29
Tokyo,Nike,Hyper Elite Crew,Unisex,40-42,Blue,Socks,Û 20.00,7/15/2015,3:11 PM,37508,7,29
Tokyo,Asics,Hera Deux Single Tab,Female,38-40,Pink,Socks,Û 12.99,7/15/2015,3:21 PM,33486,7,29
Tokyo,Asics,MB1878,Male,41,Black,Pants,Û 99.00,7/15/2015,3:47 PM,32780,7,29
Tokyo,Nike,Hyper Elite Crew,Unisex,42-44,Blue,Socks,Û 20.00,7/15/2015,3:47 PM,32780,7,29
Tokyo,Asics,Quick Light Cushion,Unisex,42-44,Pink,Socks,Û 19.00,7/15/2015,4:38 PM,35752,7,29
Tokyo,Asics,Hera Deux Single Tab,Female,38-40,Black,Socks,Û 12.99,7/15/2015,4:39 PM,33200,7,29
Tokyo,Nike,Pro Hero,Female,70D,Yellow,Bra,Û 99.00,7/15/2015,4:41 PM,37730,7,29
Tokyo,Adidas,Rocket Boost,Male,43,Multicolor,Shoe,Û 110.00,7/15/2015,5:27 PM,---,7,29
Tokyo,Asics,WB1820,Female,45,Green,Pants,Û 89.00,7/15/2015,8:25 AM,54860,7,29
Tokyo,Asics,WB1820,Female,37,Black,Pants,Û 89.00,7/15/2015,8:26 AM,---,7,29
Tokyo,Asics,WB1820,Female,37,Pink,Pants,Û 89.00,7/15/2015,8:38 AM,56455,7,29
Tokyo,Nike,Pro Classic,Female,70F,Green,Bra,Û 100.00,7/15/2015,8:41 AM,58790,7,29
