Store,Brand,Type,Gender,Size,Color,Category,Sales Price,Date,Time,Loyalty,Month,
Tokyo,Adidas,Boston 5,Male,43,Multicolor,Shoe,Û 120.00,7/26/2015,1:06 PM,43531,7,31
Tokyo,Asics,Gel Quantics ,Male,44,Yellow,Shoe,Û 120.00,7/26/2015,2:28 PM,43891,7,31
Tokyo,Nike,Pro Hero,Female,80B,Blue,Bra,Û 99.00,7/26/2015,2:39 PM,45638,7,31
Tokyo,Asics,MB1878,Male,42,Black,Pants,Û 99.00,7/26/2015,2:44 PM,---,7,31
Tokyo,Asics,WB1820,Female,38,Grey,Pants,Û 89.00,7/26/2015,3:08 PM,41649,7,31
Tokyo,Asics,WB1820,Female,45,Yellow,Pants,Û 89.00,7/26/2015,3:27 PM,---,7,31
Tokyo,Asics,MB1878,Male,40,Black,Pants,Û 99.00,7/26/2015,3:28 PM,41527,7,31
Tokyo,Asics,MB1878,Male,36,Black,Pants,Û 99.00,7/26/2015,3:59 PM,44780,7,31
Tokyo,Nike,Pro Classic,Female,65C,Yellow,Bra,Û 100.00,7/26/2015,4:00 PM,41082,7,31
Tokyo,Nike,Air Zoom,Male,41,Green,Shoe,Û 220.00,7/26/2015,4:22 PM,---,7,31
Tokyo,Asics,MB1878,Male,40,Black,Pants,Û 99.00,7/26/2015,4:37 PM,46786,7,31
Tokyo,Nike,Dri-Fit No-Show,Unisex,44-46,Black,Socks,Û 20.00,7/26/2015,4:48 PM,40374,7,31
Tokyo,Adidas,Ultra Boost,Male,38,Pink,Shoe,Û 139.00,7/26/2015,6:02 PM,46526,7,31
Tokyo,Asics,WB1820,Female,38,Yellow,Pants,Û 89.00,7/26/2015,6:02 PM,---,7,31
Tokyo,Asics,Hera Deux Single Tab,Female,42-44,Green,Socks,Û 12.99,7/26/2015,6:17 PM,43751,7,31
Tokyo,Asics,Hera Deux Single Tab,Female,36-38,Pink,Socks,Û 12.99,7/26/2015,8:08 PM,---,7,31
Tokyo,Asics,MB1878,Male,44,Black,Pants,Û 99.00,7/26/2015,8:13 PM,43460,7,31
Tokyo,Asics,MB1878,Male,43,Black,Pants,Û 99.00,7/26/2015,8:15 PM,46848,7,31
Tokyo,Nike,Air Zoom,Male,44,Pink,Shoe,Û 220.00,7/26/2015,8:28 PM,---,7,31
Tokyo,Asics,Kayano Single Tab,Unisex,42-44,Green,Socks,Û 24.99,7/26/2015,8:44 PM,45449,7,31
