Store,Brand,Type,Gender,Size,Color,Category,Sales Price,Date,Time,Loyalty,Month,
Rotterdam,Nike,Air Zoom,Female,45,Grey,Shoe,Û 230.00,7/28/2015,2:50 PM,30302,7,31
Rotterdam,Nike,Nike Elite Match Fit Mercurial Crew,Unisex,38-40,Green,Socks,Û 21.00,7/28/2015,3:00 PM,---,7,31
Rotterdam,Nike,Free 5.0,Male,43,Black,Shoe,Û 239.00,7/28/2015,3:06 PM,38756,7,31
Rotterdam,Nike,Pro Fierce,Female,70E,Multicolor,Bra,Û 149.00,7/28/2015,3:11 PM,---,7,31
Rotterdam,Asics,Kayano Single Tab,Unisex,46-48,Pink,Socks,Û 24.99,7/28/2015,3:14 PM,38526,7,31
Rotterdam,Asics,Cummulus 17,Female,43,Black,Shoe,Û 159.00,7/28/2015,3:29 PM,32254,7,31
Rotterdam,Nike,Hyper Elite Crew,Unisex,40-42,Pink,Socks,Û 20.00,7/28/2015,3:36 PM,35372,7,31
Rotterdam,Nike,Air Zoom,Male,43,Green,Shoe,Û 220.00,7/28/2015,3:45 PM,---,7,31
Rotterdam,Asics,WB1820,Female,40,Grey,Pants,Û 89.00,7/28/2015,3:52 PM,32405,7,31
Rotterdam,Asics,MB1878,Male,41,Black,Pants,Û 99.00,7/28/2015,3:54 PM,37299,7,31
Rotterdam,Nike,Dri-Fit No-Show,Unisex,38-40,Green,Socks,Û 20.00,7/28/2015,3:57 PM,34094,7,31
Rotterdam,Asics,WB2585,Female,36,Black,Pants,Û 99.00,7/28/2015,4:10 PM,---,7,31
Rotterdam,Asics,Nimbus 17,Male,46,Blue,Shoe,Û 128.00,7/28/2015,4:13 PM,---,7,31
Rotterdam,Asics,MB1878,Male,43,Black,Pants,Û 99.00,7/28/2015,4:18 PM,35842,7,31
Rotterdam,Asics,WB1820,Female,39,Green,Pants,Û 89.00,7/28/2015,4:28 PM,38444,7,31
Rotterdam,Asics,WB1820,Female,44,Grey,Pants,Û 89.00,7/28/2015,4:52 PM,---,7,31
Rotterdam,Asics,Hera Deux Single Tab,Female,42-44,Blue,Socks,Û 12.99,7/28/2015,4:57 PM,37446,7,31
Rotterdam,Nike,Air Zoom,Male,43,Blue,Shoe,Û 220.00,7/28/2015,5:01 PM,---,7,31
Rotterdam,Nike,Dri-Fit No-Show,Unisex,38-40,Blue,Socks,Û 20.00,7/28/2015,5:07 PM,---,7,31
Rotterdam,Nike,Dri-Fit No-Show,Unisex,42-44,Pink,Socks,Û 20.00,7/28/2015,5:10 PM,33205,7,31
