Store,Brand,Type,Gender,Size,Color,Category,Sales Price,Date,Time,Loyalty,Month,
Tokyo,Nike,Pro Fierce,Female,75A,Black,Bra,Û 149.00,7/17/2015,10:31 AM,37886,7,29
Tokyo,Asics,Quick Light Cushion,Unisex,42-44,Blue,Socks,Û 19.00,7/17/2015,10:31 AM,---,7,29
Tokyo,Nike,Nike Elite Match Fit Mercurial Crew,Unisex,40-42,Pink,Socks,Û 21.00,7/17/2015,10:31 AM,---,7,29
Tokyo,Nike,Free 5.0,Male,45,Grey,Shoe,Û 239.00,7/17/2015,10:31 AM,---,7,29
Tokyo,Asics,Kayano Single Tab,Unisex,40-42,Pink,Socks,Û 24.99,7/17/2015,10:33 AM,30794,7,29
Tokyo,Asics,Quick Light Cushion,Unisex,44-46,Blue,Socks,Û 19.00,7/17/2015,10:41 AM,30601,7,29
Tokyo,Asics,WB1820,Female,42,Multicolor,Pants,Û 89.00,7/17/2015,10:41 AM,---,7,29
Tokyo,Asics,WB1820,Female,41,Black,Pants,Û 89.00,7/17/2015,10:49 AM,---,7,29
Tokyo,Nike,Nike Elite Match Fit Mercurial Crew,Unisex,36-38,Green,Socks,Û 21.00,7/17/2015,10:52 AM,38870,7,29
Tokyo,Asics,WB2585,Female,36,Black,Pants,Û 99.00,7/17/2015,10:56 AM,36772,7,29
Tokyo,Asics,MB1878,Male,36,Black,Pants,Û 99.00,7/17/2015,11:07 AM,---,7,29
Tokyo,Nike,Free 5.0,Male,44,Multicolor,Shoe,Û 239.00,7/17/2015,11:10 AM,36252,7,29
Tokyo,Nike,Pro Fierce,Female,75F,Blue,Bra,Û 149.00,7/17/2015,11:10 AM,---,7,29
Tokyo,Asics,MB1878,Male,38,Black,Pants,Û 99.00,7/17/2015,11:19 AM,30617,7,29
Tokyo,Asics,WB1820,Female,38,Black,Pants,Û 89.00,7/17/2015,11:20 AM,---,7,29
Tokyo,Asics,MB1878,Male,41,Black,Pants,Û 99.00,7/17/2015,11:24 AM,---,7,29
Tokyo,Nike,Pro Fierce,Female,65E,Multicolor,Bra,Û 149.00,7/17/2015,11:30 AM,---,7,29
Tokyo,Asics,Nimbus 17,Male,42,Grey,Shoe,Û 128.00,7/17/2015,11:45 AM,---,7,29
Tokyo,Asics,WB1820,Female,36,Yellow,Pants,Û 89.00,7/17/2015,11:48 AM,---,7,29
Tokyo,Nike,Dri-Fit No-Show,Unisex,40-42,Green,Socks,Û 20.00,7/17/2015,11:56 AM,37465,7,29
