Store,Brand,Type,Gender,Size,Color,Category,Sales Price,Date,Time,Loyalty,Month,
Tokyo,Asics,MB1878,Male,36,Black,Pants,Û 99.00,7/22/2015,8:38 AM,---,7,30
Tokyo,Asics,MB1878,Male,44,Black,Pants,Û 99.00,7/22/2015,8:45 AM,43741,7,30
Tokyo,Asics,WB1820,Female,45,Blue,Pants,Û 89.00,7/22/2015,10:33 AM,41020,7,30
Tokyo,Asics,WB1820,Female,42,Pink,Pants,Û 89.00,7/22/2015,11:44 AM,---,7,30
Tokyo,Asics,Kayano Single Tab,Unisex,36-38,Green,Socks,Û 24.99,7/22/2015,11:54 AM,40917,7,30
Tokyo,Asics,WB1820,Female,46,Grey,Pants,Û 89.00,7/22/2015,11:58 AM,---,7,30
Tokyo,Asics,MB1878,Male,36,Black,Pants,Û 99.00,7/22/2015,12:01 PM,---,7,30
Tokyo,Nike,Dri-Fit No-Show,Unisex,42-44,Pink,Socks,Û 20.00,7/22/2015,12:02 PM,47432,7,30
Tokyo,Nike,Hyper Elite Crew,Unisex,40-42,Green,Socks,Û 20.00,7/22/2015,12:57 PM,44119,7,30
Tokyo,Nike,Nike Elite Match Fit Mercurial Crew,Unisex,42-44,Black,Socks,Û 21.00,7/22/2015,1:22 PM,46040,7,30
Tokyo,Asics,WB1820,Female,43,Black,Pants,Û 89.00,7/22/2015,1:32 PM,---,7,30
Tokyo,Nike,Pro Fierce,Female,85A,Multicolor,Bra,Û 149.00,7/22/2015,2:21 PM,43585,7,30
Tokyo,Asics,WB1820,Female,43,Grey,Pants,Û 89.00,7/22/2015,2:28 PM,41313,7,30
Tokyo,Asics,MB1878,Male,41,Black,Pants,Û 99.00,7/22/2015,2:41 PM,40951,7,30
Tokyo,Asics,Hera Deux Single Tab,Female,42-44,Pink,Socks,Û 12.99,7/22/2015,3:24 PM,43855,7,30
Tokyo,Nike,Pro Classic,Female,75E,Grey,Bra,Û 100.00,7/22/2015,4:40 PM,---,7,30
Tokyo,Asics,Hera Deux Single Tab,Female,42-44,Black,Socks,Û 12.99,7/22/2015,4:52 PM,---,7,30
Tokyo,Asics,Kayano Single Tab,Unisex,44-46,Black,Socks,Û 24.99,7/22/2015,4:58 PM,42714,7,30
Tokyo,Nike,Dri-Fit No-Show,Unisex,38-40,Pink,Socks,Û 20.00,7/22/2015,5:41 PM,---,7,30
Tokyo,Asics,Kayano Single Tab,Unisex,40-42,Green,Socks,Û 24.99,7/22/2015,5:49 PM,---,7,30
