Store,Brand,Type,Gender,Size,Color,Category,Sales Price,Date,Time,Loyalty,Month,
Tokyo,Asics,WB1820,Female,38,Multicolor,Pants,Û 89.00,7/16/2015,3:14 PM,---,7,29
Tokyo,Nike,Pro Fierce,Female,65E,Green,Bra,Û 149.00,7/16/2015,3:16 PM,---,7,29
Tokyo,Nike,Nike Elite Match Fit Mercurial Crew,Unisex,40-42,Pink,Socks,Û 21.00,7/16/2015,3:29 PM,30390,7,29
Tokyo,Nike,Hyper Elite Crew,Unisex,44-46,Blue,Socks,Û 20.00,7/16/2015,3:32 PM,32381,7,29
Tokyo,Nike,Hyper Elite Crew,Unisex,44-46,Green,Socks,Û 20.00,7/16/2015,3:42 PM,---,7,29
Tokyo,Asics,Hera Deux Single Tab,Female,46-48,Black,Socks,Û 12.99,7/16/2015,3:44 PM,---,7,29
Tokyo,Nike,Hyper Elite Crew,Unisex,42-44,Black,Socks,Û 20.00,7/16/2015,3:45 PM,30339,7,29
Tokyo,Nike,Dri-Fit No-Show,Unisex,46-48,Pink,Socks,Û 20.00,7/16/2015,3:45 PM,30339,7,29
Tokyo,Nike,Free 5.0,Female,45,Pink,Shoe,Û 239.00,7/16/2015,3:52 PM,37439,7,29
Tokyo,Nike,Pro Fierce,Female,85A,Black,Bra,Û 149.00,7/16/2015,3:58 PM,39772,7,29
Tokyo,Nike,Pro Indy,Female,70F,Green,Bra,Û 123.00,7/16/2015,4:03 PM,35372,7,29
Tokyo,Asics,WB1820,Female,41,Multicolor,Pants,Û 89.00,7/16/2015,4:08 PM,34225,7,29
Tokyo,Nike,Nike Elite Match Fit Mercurial Crew,Unisex,42-44,Black,Socks,Û 21.00,7/16/2015,4:26 PM,38767,7,29
Tokyo,Nike,Pro Hero,Female,85F,Green,Bra,Û 99.00,7/16/2015,4:26 PM,---,7,29
Tokyo,Asics,WB1820,Female,44,Pink,Pants,Û 89.00,7/16/2015,4:31 PM,33556,7,29
Tokyo,Nike,Hyper Elite Crew,Unisex,38-40,Blue,Socks,Û 20.00,7/16/2015,4:34 PM,37915,7,29
Tokyo,Nike,Dri-Fit No-Show,Unisex,38-40,Green,Socks,Û 20.00,7/16/2015,4:49 PM,---,7,29
Tokyo,Nike,Nike Elite Match Fit Mercurial Crew,Unisex,40-42,Black,Socks,Û 21.00,7/16/2015,4:52 PM,---,7,29
Tokyo,Asics,Quick Light Cushion,Unisex,36-38,Black,Socks,Û 19.00,7/16/2015,4:54 PM,---,7,29
Tokyo,Nike,Nike Elite Match Fit Mercurial Crew,Unisex,38-40,Blue,Socks,Û 21.00,7/16/2015,4:56 PM,---,7,29
