Store,Brand,Type,Gender,Size,Color,Category,Sales Price,Date,Time,Loyalty,Month,
Tokyo,Nike,Pro Indy,Female,65B,Pink,Bra,Û 123.00,7/21/2015,1:13 PM,---,7,30
Tokyo,Asics,Quick Light Cushion,Unisex,42-44,Green,Socks,Û 19.00,7/21/2015,1:17 PM,---,7,30
Tokyo,Asics,WB1820,Female,41,Multicolor,Pants,Û 89.00,7/21/2015,1:43 PM,50756,7,30
Tokyo,Asics,MB1878,Male,38,Black,Pants,Û 99.00,7/21/2015,1:45 PM,53603,7,30
Tokyo,Nike,Nike Elite Match Fit Mercurial Crew,Unisex,40-42,Pink,Socks,Û 21.00,7/21/2015,1:50 PM,50035,7,30
Tokyo,Nike,Air Zoom,Female,38,Blue,Shoe,Û 230.00,7/21/2015,1:55 PM,---,7,30
Tokyo,Asics,MB1878,Male,43,Black,Pants,Û 99.00,7/21/2015,2:13 PM,---,7,30
Tokyo,Nike,Pro Classic,Female,75A,Green,Bra,Û 100.00,7/21/2015,2:21 PM,50484,7,30
Tokyo,Asics,MB1878,Male,46,Black,Pants,Û 99.00,7/21/2015,2:29 PM,58741,7,30
Tokyo,Asics,Nimbus 17,Male,41,Black,Shoe,Û 128.00,7/21/2015,2:31 PM,57949,7,30
Tokyo,Nike,Pro Fierce,Female,75C,Multicolor,Bra,Û 149.00,7/21/2015,2:38 PM,---,7,30
Tokyo,Asics,Kayano Single Tab,Unisex,46-48,Pink,Socks,Û 24.99,7/21/2015,2:42 PM,---,7,30
Tokyo,Nike,Pro Classic,Female,90D,Yellow,Bra,Û 100.00,7/21/2015,3:10 PM,---,7,30
Tokyo,Nike,Air Zoom,Female,39,Multicolor,Shoe,Û 230.00,7/21/2015,3:24 PM,54403,7,30
Tokyo,Asics,Quick Light Cushion,Unisex,44-46,Pink,Socks,Û 19.00,7/21/2015,3:34 PM,51999,7,30
Tokyo,Nike,Pro Fierce,Female,90B,Pink,Bra,Û 149.00,7/21/2015,4:10 PM,55654,7,30
Tokyo,Asics,MB1878,Male,43,Black,Pants,Û 99.00,7/21/2015,4:24 PM,50860,7,30
Tokyo,Nike,Dri-Fit No-Show,Unisex,42-44,Pink,Socks,Û 20.00,7/21/2015,4:37 PM,56829,7,30
Tokyo,Asics,Quick Light Cushion,Unisex,42-44,Black,Socks,Û 19.00,7/21/2015,4:58 PM,54840,7,30
Tokyo,Asics,Quick Light Cushion,Unisex,42-44,Blue,Socks,Û 19.00,7/21/2015,5:13 PM,51151,7,30
