Store,Brand,Type,Gender,Size,Color,Category,Sales Price,Date,Time,Loyalty,Month,
Tokyo,Nike,Pro Fierce,Female,75B,Green,Bra,Û 149.00,7/21/2015,10:27 PM,---,7,30
Tokyo,Nike,Dri-Fit No-Show,Unisex,38-40,Green,Socks,Û 20.00,7/21/2015,10:50 PM,---,7,30
Tokyo,Asics,WB1820,Female,37,Green,Pants,Û 89.00,7/21/2015,10:55 PM,50896,7,30
Tokyo,Asics,WB1820,Female,44,Black,Pants,Û 89.00,7/21/2015,11:09 PM,57454,7,30
Tokyo,Asics,WB1820,Female,46,Yellow,Pants,Û 89.00,7/21/2015,11:09 PM,57454,7,30
Tokyo,Asics,Kayano Single Tab,Unisex,38-40,Blue,Socks,Û 24.99,7/21/2015,11:19 PM,57898,7,30
Tokyo,Adidas,Boston 5,Male,36,Yellow,Shoe,Û 125.00,7/21/2015,11:24 AM,50609,7,30
Tokyo,Adidas,Ultra Boost,Male,41,Blue,Shoe,Û 139.00,7/21/2015,10:46 AM,---,7,30
Tokyo,Adidas,Boston 5,Male,45,Pink,Shoe,Û 125.00,7/21/2015,12:08 PM,52814,7,30
Tokyo,Adidas,Boston 5,Female,41,Multicolor,Shoe,Û 120.00,7/21/2015,11:01 AM,52760,7,30
Tokyo,Adidas,Ultra Boost,Female,40,Black,Shoe,Û 139.00,7/21/2015,12:32 PM,57427,7,30
Tokyo,Adidas,Boston 5,Female,41,Green,Shoe,Û 120.00,7/21/2015,11:19 AM,47270,7,30
Tokyo,Adidas,Ultra Boost,Male,37,Pink,Shoe,Û 139.00,7/21/2015,10:41 AM,---,7,30
Tokyo,Adidas,Boston 5,Male,40,Grey,Shoe,Û 125.00,7/21/2015,12:27 PM,53643,7,30
Tokyo,Adidas,Boston 5,Female,38,Black,Shoe,Û 120.00,7/21/2015,11:07 AM,---,7,30
Tokyo,Adidas,Boston 5,Female,41,Green,Shoe,Û 120.00,7/21/2015,1:05 PM,58110,7,30
Tokyo,Adidas,Rocket Boost,Female,39,Green,Shoe,Û 100.00,7/21/2015,4:07 PM,46115,7,30
Tokyo,Adidas,Rocket Boost,Male,43,Yellow,Shoe,Û 110.00,7/21/2015,9:40 AM,44944,7,30
Tokyo,Asics,WB1820,Female,36,Pink,Pants,Û 89.00,7/22/2015,7:49 AM,47331,7,30
Tokyo,Nike,Nike Elite Match Fit Mercurial Crew,Unisex,40-42,Blue,Socks,Û 21.00,7/22/2015,8:36 AM,48496,7,30
