Store,Brand,Type,Gender,Size,Color,Category,Sales Price,Date,Time,Loyalty,Month,
Tokyo,Asics,MB1878,Male,44,Black,Pants,Û 99.00,7/19/2015,7:30 PM,42424,7,30
Tokyo,Asics,WB1820,Female,41,Green,Pants,Û 89.00,7/19/2015,7:49 PM,---,7,30
Tokyo,Asics,Quick Light Cushion,Unisex,40-42,Green,Socks,Û 19.00,7/19/2015,8:02 PM,42732,7,30
Tokyo,Asics,WB1820,Female,45,Black,Pants,Û 89.00,7/19/2015,8:31 PM,46332,7,30
Tokyo,Asics,WB1820,Female,44,Blue,Pants,Û 89.00,7/19/2015,8:57 PM,44936,7,30
Tokyo,Asics,Cummulus 17,Male,44,Black,Shoe,Û 159.00,7/19/2015,9:54 PM,45676,7,30
Tokyo,Asics,Hera Deux Single Tab,Female,46-48,Black,Socks,Û 12.99,7/19/2015,9:54 PM,45676,7,30
Tokyo,Asics,WB2585,Female,44,Black,Pants,Û 99.00,7/19/2015,10:16 PM,45349,7,30
Tokyo,Asics,Kayano Single Tab,Unisex,42-44,Black,Socks,Û 24.99,7/19/2015,10:29 PM,46162,7,30
Tokyo,Asics,WB1820,Female,45,Grey,Pants,Û 89.00,7/19/2015,11:34 PM,---,7,30
Tokyo,Nike,Dri-Fit No-Show,Unisex,44-46,Black,Socks,Û 20.00,7/19/2015,11:42 PM,---,7,30
Tokyo,Asics,WB1820,Female,45,Black,Pants,Û 89.00,7/19/2015,11:45 PM,49455,7,30
Tokyo,Nike,Pro Classic,Female,90F,Yellow,Bra,Û 100.00,7/19/2015,11:54 PM,42538,7,30
Rotterdam,Nike,Nike Elite Match Fit Mercurial Crew,Unisex,42-44,Pink,Socks,Û 21.00,7/19/2015,9:54 AM,39253,7,30
Tokyo,Asics,Hera Deux Single Tab,Female,38-40,Pink,Socks,Û 12.99,7/19/2015,9:57 AM,34489,7,30
Tokyo,Asics,Hera Deux Single Tab,Female,38-40,Green,Socks,Û 12.99,7/19/2015,10:00 AM,---,7,30
Tokyo,Asics,Kayano Single Tab,Unisex,36-38,Pink,Socks,Û 24.99,7/19/2015,10:02 AM,30099,7,30
Rotterdam,Nike,Air Zoom,Female,38,Multicolor,Shoe,Û 230.00,7/19/2015,10:02 AM,---,7,30
Rotterdam,Nike,Air Zoom,Male,39,Green,Shoe,Û 220.00,7/19/2015,10:05 AM,33467,7,30
Rotterdam,Nike,Nike Elite Match Fit Mercurial Crew,Unisex,42-44,Black,Socks,Û 21.00,7/19/2015,10:21 AM,35834,7,30
