Store,Brand,Type,Gender,Size,Color,Category,Sales Price,Date,Time,Loyalty,Month,
Rotterdam,Nike,Pro Classic,Female,85D,Pink,Bra,Û 100.00,7/19/2015,1:21 PM,33303,7,30
Tokyo,Asics,MB1878,Male,46,Black,Pants,Û 99.00,7/19/2015,1:25 PM,---,7,30
Rotterdam,Nike,Pro Hero,Female,65C,Black,Bra,Û 99.00,7/19/2015,1:25 PM,---,7,30
Tokyo,Asics,MB1878,Male,40,Black,Pants,Û 99.00,7/19/2015,1:39 PM,31307,7,30
Tokyo,Asics,MB1878,Male,45,Black,Pants,Û 99.00,7/19/2015,1:41 PM,36888,7,30
Tokyo,Asics,WB1820,Female,46,Blue,Pants,Û 89.00,7/19/2015,1:52 PM,37654,7,30
Tokyo,Asics,Quick Light Cushion,Unisex,38-40,Blue,Socks,Û 19.00,7/19/2015,1:56 PM,39745,7,30
Tokyo,Asics,Quick Light Cushion,Unisex,36-38,Blue,Socks,Û 19.00,7/19/2015,1:56 PM,39745,7,30
Rotterdam,Nike,Pro Indy,Female,80E,Grey,Bra,Û 123.00,7/19/2015,1:57 PM,38224,7,30
Tokyo,Asics,Kayano Single Tab,Unisex,44-46,Black,Socks,Û 24.99,7/19/2015,2:20 PM,37030,7,30
Tokyo,Asics,WB1820,Female,40,Multicolor,Pants,Û 89.00,7/19/2015,2:30 PM,35641,7,30
Rotterdam,Nike,Dri-Fit No-Show,Unisex,46-48,Green,Socks,Û 20.00,7/19/2015,2:43 PM,38226,7,30
Tokyo,Asics,Hera Deux Single Tab,Female,38-40,Black,Socks,Û 12.99,7/19/2015,2:48 PM,31577,7,30
Rotterdam,Nike,Pro Fierce,Female,90A,Multicolor,Bra,Û 149.00,7/19/2015,2:58 PM,39078,7,30
Tokyo,Asics,WB1820,Female,43,Grey,Pants,Û 89.00,7/19/2015,3:01 PM,30307,7,30
Tokyo,Asics,MB1878,Male,43,Black,Pants,Û 99.00,7/19/2015,3:03 PM,38866,7,30
Rotterdam,Nike,Hyper Elite Crew,Unisex,40-42,Green,Socks,Û 20.00,7/19/2015,3:14 PM,---,7,30
Rotterdam,Nike,Nike Elite Match Fit Mercurial Crew,Unisex,46-48,Black,Socks,Û 21.00,7/19/2015,3:29 PM,31329,7,30
Rotterdam,Nike,Nike Elite Match Fit Mercurial Crew,Unisex,46-48,Blue,Socks,Û 21.00,7/19/2015,3:34 PM,31900,7,30
Rotterdam,Nike,Free 5.0,Male,36,Multicolor,Shoe,Û 239.00,7/19/2015,3:45 PM,38690,7,30
