Store,Brand,Type,Gender,Size,Color,Category,Sales Price,Date,Time,Loyalty,Month,
Tokyo,Asics,WB1820,Female,42,Multicolor,Pants,Û 89.00,7/28/2015,1:42 PM,45647,7,31
Tokyo,Asics,MB1878,Male,40,Black,Pants,Û 99.00,7/28/2015,1:52 PM,---,7,31
Tokyo,Asics,WB1820,Female,40,Multicolor,Pants,Û 89.00,7/28/2015,1:53 PM,43070,7,31
Tokyo,Adidas,Rocket Boost,Male,46,Pink,Shoe,Û 100.00,7/28/2015,1:59 PM,49994,7,31
Tokyo,Asics,WB1820,Female,36,Grey,Pants,Û 89.00,7/28/2015,2:19 PM,---,7,31
Tokyo,Nike,Nike Elite Match Fit Mercurial Crew,Unisex,38-40,Black,Socks,Û 21.00,7/28/2015,2:47 PM,44213,7,31
Tokyo,Nike,Pro Fierce,Female,70B,Grey,Bra,Û 149.00,7/28/2015,3:10 PM,---,7,31
Tokyo,Asics,WB1820,Female,43,Multicolor,Pants,Û 89.00,7/28/2015,3:14 PM,47239,7,31
Tokyo,Asics,Hera Deux Single Tab,Female,46-48,Pink,Socks,Û 12.99,7/28/2015,3:21 PM,41918,7,31
Tokyo,Asics,Kayano Single Tab,Unisex,36-38,Black,Socks,Û 24.99,7/28/2015,3:31 PM,---,7,31
Tokyo,Asics,WB1820,Female,42,Blue,Pants,Û 89.00,7/28/2015,3:36 PM,48292,7,31
Tokyo,Asics,Quick Light Cushion,Unisex,44-46,Blue,Socks,Û 19.00,7/28/2015,4:07 PM,---,7,31
Tokyo,Asics,MB1878,Male,37,Black,Pants,Û 99.00,7/28/2015,6:56 PM,45995,7,31
Tokyo,Asics,WB1820,Female,43,Black,Pants,Û 89.00,7/28/2015,7:20 PM,42633,7,31
Tokyo,Nike,Dri-Fit No-Show,Unisex,42-44,Pink,Socks,Û 20.00,7/28/2015,7:43 PM,---,7,31
Tokyo,Asics,WB1820,Female,39,Pink,Pants,Û 89.00,7/28/2015,7:48 PM,41472,7,31
Tokyo,Asics,Quick Light Cushion,Unisex,36-38,Green,Socks,Û 19.00,7/28/2015,7:49 PM,49763,7,31
Tokyo,Asics,Nimbus 17,Male,46,Black,Shoe,Û 128.00,7/28/2015,8:13 PM,---,7,31
Tokyo,Asics,WB1820,Female,38,Multicolor,Pants,Û 89.00,7/28/2015,8:45 PM,47264,7,31
Tokyo,Asics,WB2585,Female,43,Black,Pants,Û 99.00,7/28/2015,8:49 PM,---,7,31
