Store,Brand,Type,Gender,Size,Color,Category,Sales Price,Date,Time,Loyalty,Month,
Tokyo,Asics,Quick Light Cushion,Unisex,46-48,Pink,Socks,Û 19.00,7/16/2015,4:56 PM,---,7,29
Tokyo,Asics,WB1820,Female,46,Yellow,Pants,Û 89.00,7/16/2015,5:30 PM,30015,7,29
Tokyo,Nike,Pro Fierce,Female,75D,Yellow,Bra,Û 149.00,7/16/2015,5:35 PM,---,7,29
Tokyo,Nike,Hyper Elite Crew,Unisex,42-44,Black,Socks,Û 20.00,7/16/2015,5:42 PM,---,7,29
Tokyo,Nike,Free 5.0,Male,44,Blue,Shoe,Û 239.00,7/16/2015,8:28 AM,52410,7,29
Tokyo,Asics,Quick Light Cushion,Unisex,36-38,Pink,Socks,Û 19.00,7/16/2015,8:57 AM,57785,7,29
Tokyo,Asics,Nimbus 17,Male,44,Grey,Shoe,Û 128.00,7/16/2015,9:30 AM,---,7,29
Tokyo,Nike,Pro Indy,Female,65E,Blue,Bra,Û 123.00,7/16/2015,10:29 AM,50998,7,29
Tokyo,Nike,Hyper Elite Crew,Unisex,38-40,Pink,Socks,Û 20.00,7/16/2015,10:45 AM,53198,7,29
Tokyo,Asics,WB1820,Female,42,Pink,Pants,Û 89.00,7/16/2015,10:46 AM,---,7,29
Tokyo,Asics,WB1820,Female,41,Multicolor,Pants,Û 89.00,7/16/2015,10:50 AM,---,7,29
Tokyo,Asics,Quick Light Cushion,Unisex,38-40,Black,Socks,Û 19.00,7/16/2015,10:53 AM,51805,7,29
Tokyo,Asics,Gel Quantics ,Female,46,Blue,Shoe,Û 120.00,7/16/2015,10:59 AM,---,7,29
Tokyo,Nike,Pro Indy,Female,70D,Green,Bra,Û 123.00,7/16/2015,11:00 AM,53850,7,29
Tokyo,Asics,WB1820,Female,43,Green,Pants,Û 89.00,7/16/2015,11:11 AM,54638,7,29
Tokyo,Asics,Kayano Single Tab,Unisex,46-48,Black,Socks,Û 24.99,7/16/2015,11:24 AM,53243,7,29
Tokyo,Nike,Pro Fierce,Female,75E,Pink,Bra,Û 149.00,7/16/2015,11:26 AM,---,7,29
Tokyo,Nike,Dri-Fit No-Show,Unisex,40-42,Black,Socks,Û 20.00,7/16/2015,11:42 AM,52414,7,29
Tokyo,Nike,Pro Fierce,Female,65B,Green,Bra,Û 149.00,7/16/2015,12:15 PM,55846,7,29
Tokyo,Asics,WB1820,Female,43,Yellow,Pants,Û 89.00,7/16/2015,12:21 PM,58442,7,29
