Store,Brand,Type,Gender,Size,Color,Category,Sales Price,Date,Time,Loyalty,Month,
Tokyo,Nike,Pro Fierce,Female,85D,Black,Bra,Û 149.00,7/22/2015,11:16 PM,57422,7,30
Tokyo,Adidas,Rocket Boost,Male,44,Black,Shoe,Û 110.00,7/22/2015,1:52 PM,58778,7,30
Tokyo,Adidas,Rocket Boost,Male,45,Black,Shoe,Û 110.00,7/22/2015,3:34 PM,---,7,30
Tokyo,Adidas,Ultra Boost,Male,40,Green,Shoe,Û 139.00,7/22/2015,1:51 PM,40460,7,30
Tokyo,Adidas,Rocket Boost,Male,36,Pink,Shoe,Û 110.00,7/22/2015,1:00 PM,---,7,30
Tokyo,Adidas,Boston 5,Male,46,Yellow,Shoe,Û 125.00,7/22/2015,3:18 PM,---,7,30
Tokyo,Adidas,Ultra Boost,Male,45,Pink,Shoe,Û 139.00,7/22/2015,2:25 PM,41777,7,30
Tokyo,Adidas,Rocket Boost,Female,45,Black,Shoe,Û 100.00,7/22/2015,1:44 PM,56199,7,30
Tokyo,Adidas,Rocket Boost,Male,43,Black,Shoe,Û 110.00,7/22/2015,11:09 AM,54128,7,30
Tokyo,Adidas,Rocket Boost,Female,40,Green,Shoe,Û 100.00,7/22/2015,2:53 PM,---,7,30
Tokyo,Adidas,Rocket Boost,Female,45,Pink,Shoe,Û 100.00,7/22/2015,3:34 PM,55038,7,30
Tokyo,Adidas,Rocket Boost,Female,42,Black,Shoe,Û 100.00,7/22/2015,11:20 AM,44656,7,30
Tokyo,Adidas,Boston 5,Male,46,Green,Shoe,Û 125.00,7/22/2015,5:14 PM,47197,7,30
Tokyo,Adidas,Ultra Boost,Male,45,Green,Shoe,Û 139.00,7/22/2015,12:00 PM,---,7,30
Tokyo,Adidas,Rocket Boost,Male,40,Green,Shoe,Û 110.00,7/22/2015,4:34 PM,56456,7,30
Tokyo,Adidas,Rocket Boost,Male,45,Blue,Shoe,Û 110.00,7/22/2015,2:43 PM,47584,7,30
Tokyo,Adidas,Rocket Boost,Female,37,Pink,Shoe,Û 100.00,7/22/2015,1:08 PM,47113,7,30
Tokyo,Nike,Dri-Fit No-Show,Unisex,40-42,Pink,Socks,Û 20.00,7/23/2015,7:58 AM,49975,7,30
Tokyo,Asics,Quick Light Cushion,Unisex,42-44,Pink,Socks,Û 19.00,7/23/2015,8:22 AM,40064,7,30
Tokyo,Asics,Kayano Single Tab,Unisex,46-48,Pink,Socks,Û 24.99,7/23/2015,8:34 AM,---,7,30
