Store,Brand,Type,Gender,Size,Color,Category,Sales Price,Date,Time,Loyalty,Month,
Tokyo,Asics,WB1820,Female,43,Green,Pants,Û 89.00,7/26/2015,11:00 AM,50222,7,31
Tokyo,Nike,Nike Elite Match Fit Mercurial Crew,Unisex,36-38,Green,Socks,Û 21.00,7/26/2015,11:19 AM,56897,7,31
Tokyo,Asics,Hera Deux Single Tab,Female,38-40,Blue,Socks,Û 12.99,7/26/2015,11:34 AM,---,7,31
Tokyo,Nike,Pro Hero,Female,75A,Multicolor,Bra,Û 99.00,7/26/2015,11:41 AM,55120,7,31
Tokyo,Nike,Pro Indy,Female,80C,Black,Bra,Û 123.00,7/26/2015,12:23 PM,51544,7,31
Tokyo,Nike,Pro Classic,Female,65B,Black,Bra,Û 100.00,7/26/2015,12:24 PM,53888,7,31
Tokyo,Nike,Air Zoom,Male,44,Yellow,Shoe,Û 220.00,7/26/2015,12:36 PM,---,7,31
Tokyo,Nike,Pro Fierce,Female,75B,Grey,Bra,Û 149.00,7/26/2015,2:31 PM,50650,7,31
Tokyo,Nike,Nike Elite Match Fit Mercurial Crew,Unisex,46-48,Black,Socks,Û 21.00,7/26/2015,2:45 PM,---,7,31
Tokyo,Asics,WB1820,Female,39,Pink,Pants,Û 89.00,7/26/2015,3:37 PM,51454,7,31
Tokyo,Nike,Hyper Elite Crew,Unisex,42-44,Blue,Socks,Û 20.00,7/26/2015,4:33 PM,---,7,31
Tokyo,Asics,WB1820,Female,40,Pink,Pants,Û 89.00,7/26/2015,4:46 PM,---,7,31
Tokyo,Nike,Pro Indy,Female,80D,Green,Bra,Û 123.00,7/26/2015,5:45 PM,54945,7,31
Tokyo,Nike,Pro Classic,Female,90A,Green,Bra,Û 100.00,7/26/2015,6:00 PM,54854,7,31
Tokyo,Nike,Air Zoom,Male,39,Black,Shoe,Û 220.00,7/26/2015,6:05 PM,---,7,31
Tokyo,Nike,Nike Elite Match Fit Mercurial Crew,Unisex,38-40,Pink,Socks,Û 21.00,7/26/2015,7:01 PM,---,7,31
Tokyo,Nike,Pro Indy,Female,85E,Black,Bra,Û 123.00,7/26/2015,7:27 PM,57738,7,31
Tokyo,Nike,Dri-Fit No-Show,Unisex,46-48,Black,Socks,Û 20.00,7/26/2015,7:58 PM,---,7,31
Tokyo,Nike,Pro Fierce,Female,75C,Multicolor,Bra,Û 149.00,7/26/2015,8:25 PM,57583,7,31
Tokyo,Asics,MB1878,Male,38,Black,Pants,Û 99.00,7/26/2015,9:24 PM,---,7,31
