Store,Brand,Type,Gender,Size,Color,Category,Sales Price,Date,Time,Loyalty,Month,
Tokyo,Asics,Hera Deux Single Tab,Female,40-42,Green,Socks,Û 12.99,7/27/2015,7:58 AM,40330,7,31
Tokyo,Asics,Cummulus 17,Male,41,Pink,Shoe,Û 159.00,7/27/2015,9:01 AM,43513,7,31
Tokyo,Asics,MB1878,Male,42,Black,Pants,Û 99.00,7/27/2015,9:15 AM,47570,7,31
Tokyo,Asics,WB1820,Female,40,Black,Pants,Û 89.00,7/27/2015,10:01 AM,45551,7,31
Tokyo,Asics,Quick Light Cushion,Unisex,40-42,Green,Socks,Û 19.00,7/27/2015,10:01 AM,45551,7,31
Tokyo,Asics,Hera Deux Single Tab,Female,40-42,Green,Socks,Û 12.99,7/27/2015,10:01 AM,45551,7,31
Tokyo,Asics,Quick Light Cushion,Unisex,40-42,Green,Socks,Û 19.00,7/27/2015,10:06 AM,48100,7,31
Tokyo,Asics,MB1878,Male,45,Black,Pants,Û 99.00,7/27/2015,10:07 AM,47830,7,31
Tokyo,Asics,MB1878,Male,39,Black,Pants,Û 99.00,7/27/2015,10:40 AM,---,7,31
Tokyo,Asics,WB1820,Female,45,Black,Pants,Û 89.00,7/27/2015,11:29 AM,43180,7,31
Tokyo,Asics,MB1878,Male,38,Black,Pants,Û 99.00,7/27/2015,11:54 AM,44289,7,31
Tokyo,Asics,Hera Deux Single Tab,Female,36-38,Blue,Socks,Û 12.99,7/27/2015,12:14 PM,48074,7,31
Tokyo,Nike,Nike Elite Match Fit Mercurial Crew,Unisex,38-40,Pink,Socks,Û 21.00,7/27/2015,12:20 PM,43653,7,31
Tokyo,Asics,Hera Deux Single Tab,Female,42-44,Pink,Socks,Û 12.99,7/27/2015,12:33 PM,46283,7,31
Tokyo,Nike,Pro Fierce,Female,70B,Grey,Bra,Û 149.00,7/27/2015,12:34 PM,43227,7,31
Tokyo,Asics,MB1878,Male,37,Black,Pants,Û 99.00,7/27/2015,1:35 PM,41931,7,31
Tokyo,Asics,WB1820,Female,37,Green,Pants,Û 89.00,7/27/2015,1:49 PM,---,7,31
Tokyo,Asics,MB1878,Male,45,Black,Pants,Û 99.00,7/27/2015,1:49 PM,---,7,31
Tokyo,Nike,Hyper Elite Crew,Unisex,40-42,Black,Socks,Û 20.00,7/27/2015,2:03 PM,---,7,31
Tokyo,Nike,Nike Elite Match Fit Mercurial Crew,Unisex,38-40,Green,Socks,Û 21.00,7/27/2015,2:05 PM,---,7,31
