Store,Brand,Type,Gender,Size,Color,Category,Sales Price,Date,Time,Loyalty,Month,
Tokyo,Asics,WB2585,Female,36,Black,Pants,Û 99.00,7/24/2015,8:02 AM,44423,7,30
Tokyo,Asics,WB1820,Female,39,Blue,Pants,Û 89.00,7/24/2015,9:00 AM,---,7,30
Tokyo,Asics,Kayano Single Tab,Unisex,42-44,Black,Socks,Û 24.99,7/24/2015,9:41 AM,47262,7,30
Tokyo,Asics,WB1820,Female,41,Blue,Pants,Û 89.00,7/24/2015,10:37 AM,47037,7,30
Tokyo,Nike,Nike Elite Match Fit Mercurial Crew,Unisex,46-48,Pink,Socks,Û 21.00,7/24/2015,10:56 AM,47109,7,30
Tokyo,Nike,Pro Fierce,Female,80D,Yellow,Bra,Û 149.00,7/24/2015,11:22 AM,46370,7,30
Tokyo,Nike,Pro Classic,Female,90C,Blue,Bra,Û 100.00,7/24/2015,12:01 PM,44560,7,30
Tokyo,Nike,Pro Fierce,Female,65C,Yellow,Bra,Û 149.00,7/24/2015,12:10 PM,47505,7,30
Tokyo,Asics,WB1820,Female,36,Yellow,Pants,Û 89.00,7/24/2015,12:40 PM,40103,7,30
Tokyo,Asics,WB1820,Female,44,Black,Pants,Û 89.00,7/24/2015,12:57 PM,48841,7,30
Tokyo,Nike,Nike Elite Match Fit Mercurial Crew,Unisex,40-42,Black,Socks,Û 21.00,7/24/2015,1:14 PM,41471,7,30
Tokyo,Asics,WB2585,Female,46,Black,Pants,Û 99.00,7/24/2015,1:19 PM,---,7,30
Tokyo,Asics,WB1820,Female,40,Grey,Pants,Û 89.00,7/24/2015,1:35 PM,40171,7,30
Tokyo,Asics,Hera Deux Single Tab,Female,46-48,Green,Socks,Û 12.99,7/24/2015,1:53 PM,---,7,30
Tokyo,Nike,Nike Elite Match Fit Mercurial Crew,Unisex,36-38,Blue,Socks,Û 21.00,7/24/2015,2:06 PM,---,7,30
Tokyo,Asics,Quick Light Cushion,Unisex,42-44,Green,Socks,Û 19.00,7/24/2015,2:08 PM,---,7,30
Tokyo,Nike,Air Zoom,Male,38,Pink,Shoe,Û 220.00,7/24/2015,2:22 PM,44467,7,30
Tokyo,Nike,Nike Elite Match Fit Mercurial Crew,Unisex,40-42,Black,Socks,Û 21.00,7/24/2015,2:26 PM,41144,7,30
Tokyo,Adidas,Boston 5,Male,42,Grey,Shoe,Û 120.00,7/24/2015,3:11 PM,45415,7,30
Tokyo,Asics,MB1878,Male,46,Black,Pants,Û 99.00,7/24/2015,4:06 PM,45147,7,30
