Store,Brand,Type,Gender,Size,Color,Category,Sales Price,Date,Time,Loyalty,Month,
Tokyo,Asics,WB1820,Female,42,Blue,Pants,Û 89.00,7/15/2015,7:32 AM,41842,7,29
Tokyo,Asics,Kayano Single Tab,Unisex,42-44,Blue,Socks,Û 24.99,7/15/2015,7:33 AM,46176,7,29
Tokyo,Asics,WB1820,Female,37,Pink,Pants,Û 89.00,7/15/2015,7:52 AM,---,7,29
Tokyo,Asics,WB2585,Female,39,Black,Pants,Û 99.00,7/15/2015,7:58 AM,40444,7,29
Tokyo,Asics,WB1820,Female,46,Multicolor,Pants,Û 89.00,7/15/2015,8:19 AM,46005,7,29
Tokyo,Asics,WB1820,Female,39,Blue,Pants,Û 89.00,7/15/2015,8:48 AM,47668,7,29
Tokyo,Asics,MB1878,Male,38,Black,Pants,Û 99.00,7/15/2015,9:07 AM,44414,7,29
Tokyo,Asics,Hera Deux Single Tab,Female,42-44,Black,Socks,Û 12.99,7/15/2015,9:11 AM,45506,7,29
Tokyo,Asics,MB1878,Male,38,Black,Pants,Û 99.00,7/15/2015,10:04 AM,47264,7,29
Tokyo,Asics,MB1878,Male,46,Black,Pants,Û 99.00,7/15/2015,10:06 AM,---,7,29
Tokyo,Nike,Nike Elite Match Fit Mercurial Crew,Unisex,38-40,Pink,Socks,Û 21.00,7/15/2015,10:45 AM,47251,7,29
Tokyo,Asics,Cummulus 17,Male,44,Grey,Shoe,Û 159.00,7/15/2015,10:56 AM,46848,7,29
Tokyo,Asics,WB1820,Female,46,Green,Pants,Û 89.00,7/15/2015,11:05 AM,---,7,29
Tokyo,Asics,Nimbus 17,Male,39,Blue,Shoe,Û 128.00,7/15/2015,11:34 AM,42352,7,29
Tokyo,Asics,WB1820,Female,40,Blue,Pants,Û 89.00,7/15/2015,11:41 AM,---,7,29
Tokyo,Nike,Pro Fierce,Female,70F,Pink,Bra,Û 149.00,7/15/2015,11:51 AM,43760,7,29
Tokyo,Asics,WB1820,Female,37,Multicolor,Pants,Û 89.00,7/15/2015,11:55 AM,---,7,29
Tokyo,Asics,WB1820,Female,41,Blue,Pants,Û 89.00,7/15/2015,12:41 PM,41722,7,29
Tokyo,Asics,WB1820,Female,45,Yellow,Pants,Û 89.00,7/15/2015,1:01 PM,42629,7,29
Tokyo,Nike,Air Zoom,Male,42,Blue,Shoe,Û 230.00,7/15/2015,1:30 PM,---,7,29
