Store,Brand,Type,Gender,Size,Color,Category,Sales Price,Date,Time,Loyalty,Month,
Tokyo,Asics,MB1878,Male,41,Black,Pants,Û 99.00,7/15/2015,4:37 PM,59491,7,29
Tokyo,Asics,MB1878,Male,39,Black,Pants,Û 99.00,7/15/2015,4:39 PM,---,7,29
Tokyo,Nike,Free 5.0,Female,43,Green,Shoe,Û 239.00,7/15/2015,4:45 PM,54595,7,29
Tokyo,Nike,Free 5.0,Female,43,Multicolor,Shoe,Û 239.00,7/15/2015,4:46 PM,54137,7,29
Tokyo,Asics,Quick Light Cushion,Unisex,42-44,Green,Socks,Û 19.00,7/15/2015,5:34 PM,---,7,29
Tokyo,Nike,Dri-Fit No-Show,Unisex,44-46,Pink,Socks,Û 20.00,7/15/2015,5:55 PM,---,7,29
Tokyo,Asics,Kayano Single Tab,Unisex,44-46,Green,Socks,Û 24.99,7/15/2015,6:12 PM,58787,7,29
Tokyo,Asics,Quick Light Cushion,Unisex,42-44,Blue,Socks,Û 19.00,7/15/2015,6:33 PM,---,7,29
Tokyo,Nike,Pro Fierce,Female,90E,Pink,Bra,Û 149.00,7/15/2015,6:41 PM,53491,7,29
Tokyo,Nike,Dri-Fit No-Show,Unisex,40-42,Black,Socks,Û 20.00,7/15/2015,7:00 PM,50426,7,29
Tokyo,Asics,WB1820,Female,46,Green,Pants,Û 89.00,7/15/2015,8:21 PM,51914,7,29
Tokyo,Nike,Pro Indy,Female,85D,Pink,Bra,Û 123.00,7/15/2015,8:26 PM,52134,7,29
Tokyo,Nike,Nike Elite Match Fit Mercurial Crew,Unisex,40-42,Blue,Socks,Û 21.00,7/15/2015,8:39 PM,51249,7,29
Tokyo,Asics,WB1820,Female,43,Yellow,Pants,Û 89.00,7/15/2015,10:04 PM,52455,7,29
Tokyo,Asics,Nimbus 17,Male,41,Grey,Shoe,Û 128.00,7/15/2015,10:42 PM,58956,7,29
Tokyo,Asics,Quick Light Cushion,Unisex,44-46,Blue,Socks,Û 19.00,7/15/2015,11:28 PM,59918,7,29
Tokyo,Adidas,Rocket Boost,Female,46,Pink,Shoe,Û 100.00,7/15/2015,11:38 AM,---,7,29
Tokyo,Adidas,Ultra Boost,Female,46,Blue,Shoe,Û 139.00,7/15/2015,2:27 PM,---,7,29
Tokyo,Adidas,Rocket Boost,Female,39,Multicolor,Shoe,Û 100.00,7/15/2015,12:26 PM,50413,7,29
Tokyo,Adidas,Ultra Boost,Male,36,Grey,Shoe,Û 139.00,7/15/2015,9:37 AM,---,7,29
