Store,Brand,Type,Gender,Size,Color,Category,Sales Price,Date,Time,Loyalty,Month,
Rotterdam,Asics,MB1878,Male,43,Black,Pants,Û 99.00,7/23/2015,3:57 PM,---,7,30
Rotterdam,Nike,Elite Compression,Unisex,36-38,Green,Socks,Û 23.99,7/23/2015,4:02 PM,---,7,30
Rotterdam,Asics,WB1820,Female,40,Multicolor,Pants,Û 89.00,7/23/2015,4:05 PM,36766,7,30
Rotterdam,Asics,Hera Deux Single Tab,Female,44-46,Pink,Socks,Û 12.99,7/23/2015,4:21 PM,32925,7,30
Rotterdam,Asics,MB1878,Male,40,Black,Pants,Û 99.00,7/23/2015,4:25 PM,30500,7,30
Rotterdam,Asics,Kayano Single Tab,Unisex,44-46,Pink,Socks,Û 24.99,7/23/2015,4:34 PM,31708,7,30
Rotterdam,Nike,Air Zoom,Male,46,Blue,Shoe,Û 220.00,7/23/2015,5:07 PM,---,7,30
Tokyo,Asics,Kayano Single Tab,Unisex,38-40,Black,Socks,Û 24.99,7/23/2015,8:28 AM,58416,7,30
Tokyo,Asics,WB1820,Female,42,Grey,Pants,Û 89.00,7/23/2015,8:55 AM,---,7,30
Tokyo,Asics,WB1820,Female,38,Yellow,Pants,Û 89.00,7/23/2015,8:57 AM,---,7,30
Tokyo,Nike,Free 5.0,Male,42,Yellow,Shoe,Û 239.00,7/23/2015,9:00 AM,51197,7,30
Tokyo,Nike,Pro Fierce,Female,85C,Green,Bra,Û 149.00,7/23/2015,9:43 AM,58542,7,30
Tokyo,Asics,MB1878,Male,39,Black,Pants,Û 99.00,7/23/2015,9:53 AM,56456,7,30
Tokyo,Nike,Free 5.0,Female,39,Grey,Shoe,Û 239.00,7/23/2015,9:54 AM,56860,7,30
Tokyo,Nike,Pro Fierce,Female,75B,Black,Bra,Û 149.00,7/23/2015,10:22 AM,---,7,30
Tokyo,Asics,Quick Light Cushion,Unisex,44-46,Blue,Socks,Û 19.00,7/23/2015,10:46 AM,55902,7,30
Tokyo,Asics,WB1820,Female,38,Grey,Pants,Û 89.00,7/23/2015,11:19 AM,57921,7,30
Tokyo,Asics,WB1820,Female,43,Green,Pants,Û 89.00,7/23/2015,12:01 PM,53612,7,30
Tokyo,Nike,Elite Compression,Unisex,38-40,Pink,Socks,Û 23.99,7/23/2015,1:56 PM,---,7,30
Tokyo,Asics,Hera Deux Single Tab,Female,40-42,Blue,Socks,Û 12.99,7/23/2015,2:15 PM,56816,7,30
