Store,Brand,Type,Gender,Size,Color,Category,Sales Price,Date,Time,Loyalty,Month,
Tokyo,Nike,Dri-Fit No-Show,Unisex,42-44,Blue,Socks,Û 20.00,7/27/2015,2:05 PM,---,7,31
Tokyo,Nike,Nike Elite Match Fit Mercurial Crew,Unisex,46-48,Black,Socks,Û 21.00,7/27/2015,2:06 PM,41477,7,31
Tokyo,Nike,Dri-Fit No-Show,Unisex,44-46,Blue,Socks,Û 20.00,7/27/2015,2:09 PM,---,7,31
Tokyo,Asics,MB1878,Male,43,Black,Pants,Û 99.00,7/27/2015,2:16 PM,---,7,31
Tokyo,Nike,Hyper Elite Crew,Unisex,42-44,Green,Socks,Û 20.00,7/27/2015,2:41 PM,40722,7,31
Tokyo,Asics,WB1820,Female,44,Yellow,Pants,Û 89.00,7/27/2015,2:42 PM,48918,7,31
Tokyo,Asics,Quick Light Cushion,Unisex,40-42,Black,Socks,Û 19.00,7/27/2015,2:42 PM,---,7,31
Tokyo,Asics,Kayano Single Tab,Unisex,40-42,Blue,Socks,Û 24.99,7/27/2015,3:05 PM,48466,7,31
Tokyo,Nike,Hyper Elite Crew,Unisex,42-44,Blue,Socks,Û 20.00,7/27/2015,3:43 PM,42142,7,31
Tokyo,Nike,Pro Classic,Female,75A,Grey,Bra,Û 100.00,7/27/2015,3:59 PM,48430,7,31
Tokyo,Asics,WB1820,Female,43,Pink,Pants,Û 89.00,7/27/2015,4:19 PM,41465,7,31
Tokyo,Nike,Dri-Fit No-Show,Unisex,44-46,Blue,Socks,Û 20.00,7/27/2015,4:49 PM,46467,7,31
Tokyo,Asics,Gel Quantics ,Male,41,Pink,Shoe,Û 120.00,7/27/2015,4:53 PM,47206,7,31
Tokyo,Asics,Kayano Single Tab,Unisex,40-42,Blue,Socks,Û 24.99,7/27/2015,4:56 PM,---,7,31
Tokyo,Nike,Pro Classic,Female,65D,Green,Bra,Û 100.00,7/27/2015,5:11 PM,---,7,31
Tokyo,Nike,Dri-Fit No-Show,Unisex,38-40,Green,Socks,Û 20.00,7/27/2015,5:25 PM,---,7,31
Tokyo,Asics,Cummulus 17,Male,38,Multicolor,Shoe,Û 159.00,7/27/2015,5:31 PM,43297,7,31
Tokyo,Asics,Quick Light Cushion,Unisex,40-42,Green,Socks,Û 19.00,7/27/2015,5:36 PM,48900,7,31
Tokyo,Asics,WB1820,Female,40,Pink,Pants,Û 89.00,7/27/2015,6:01 PM,---,7,31
Tokyo,Nike,Dri-Fit No-Show,Unisex,42-44,Black,Socks,Û 20.00,7/27/2015,6:43 PM,49032,7,31
