Store,Brand,Type,Gender,Size,Color,Category,Sales Price,Date,Time,Loyalty,Month,
Rotterdam,Nike,Pro Classic,Female,85D,Black,Bra,Û 100.00,7/25/2015,11:32 AM,---,7,30
Rotterdam,Nike,Pro Fierce,Female,65C,Grey,Bra,Û 149.00,7/25/2015,11:38 AM,38242,7,30
Rotterdam,Asics,Cummulus 17,Male,38,Green,Shoe,Û 159.00,7/25/2015,11:43 AM,37075,7,30
Rotterdam,Asics,MB1878,Male,40,Black,Pants,Û 99.00,7/25/2015,11:53 AM,39728,7,30
Rotterdam,Nike,Nike Elite Match Fit Mercurial Crew,Unisex,42-44,Pink,Socks,Û 21.00,7/25/2015,12:04 PM,---,7,30
Rotterdam,Nike,Dri-Fit No-Show,Unisex,44-46,Black,Socks,Û 20.00,7/25/2015,12:09 PM,---,7,30
Rotterdam,Asics,WB1820,Female,36,Pink,Pants,Û 89.00,7/25/2015,12:11 PM,35220,7,30
Rotterdam,Asics,WB1820,Female,45,Black,Pants,Û 89.00,7/25/2015,12:24 PM,35948,7,30
Rotterdam,Asics,Nimbus 17,Female,46,Grey,Shoe,Û 128.00,7/25/2015,12:24 PM,35948,7,30
Rotterdam,Nike,Nike Elite Match Fit Mercurial Crew,Unisex,42-44,Pink,Socks,Û 21.00,7/25/2015,12:26 PM,36232,7,30
Rotterdam,Nike,Nike Elite Match Fit Mercurial Crew,Unisex,40-42,Green,Socks,Û 21.00,7/25/2015,12:36 PM,---,7,30
Rotterdam,Asics,MB1878,Male,44,Black,Pants,Û 99.00,7/25/2015,12:49 PM,34428,7,30
Rotterdam,Nike,Pro Fierce,Female,80F,Yellow,Bra,Û 149.00,7/25/2015,12:58 PM,---,7,30
Rotterdam,Nike,Dri-Fit No-Show,Unisex,38-40,Green,Socks,Û 20.00,7/25/2015,1:00 PM,31002,7,30
Rotterdam,Nike,Nike Elite Match Fit Mercurial Crew,Unisex,40-42,Blue,Socks,Û 21.00,7/25/2015,1:03 PM,---,7,30
Rotterdam,Nike,Dri-Fit No-Show,Unisex,42-44,Pink,Socks,Û 20.00,7/25/2015,1:07 PM,35576,7,30
Rotterdam,Asics,WB1820,Female,44,Blue,Pants,Û 89.00,7/25/2015,1:36 PM,---,7,30
Rotterdam,Asics,Kayano Single Tab,Unisex,38-40,Black,Socks,Û 24.99,7/25/2015,1:36 PM,---,7,30
Rotterdam,Asics,Kayano Single Tab,Unisex,38-40,Black,Socks,Û 24.99,7/25/2015,1:39 PM,35314,7,30
Rotterdam,Asics,WB1820,Female,37,Black,Pants,Û 89.00,7/25/2015,1:41 PM,39755,7,30
