Store,Brand,Type,Gender,Size,Color,Category,Sales Price,Date,Time,Loyalty,Month,
Tokyo,Nike,Pro Fierce,Female,85A,Yellow,Bra,Û 149.00,7/20/2015,10:29 PM,57700,7,30
Tokyo,Nike,Nike Elite Match Fit Mercurial Crew,Unisex,44-46,Blue,Socks,Û 21.00,7/20/2015,10:35 PM,55741,7,30
Tokyo,Adidas,Rocket Boost,Male,44,Black,Shoe,Û 110.00,7/20/2015,12:58 PM,---,7,30
Tokyo,Adidas,Boston 5,Male,44,Black,Shoe,Û 125.00,7/20/2015,5:25 PM,44335,7,30
Tokyo,Adidas,Rocket Boost,Male,45,Grey,Shoe,Û 110.00,7/20/2015,3:37 PM,---,7,30
Tokyo,Adidas,Rocket Boost,Male,46,Yellow,Shoe,Û 110.00,7/20/2015,5:19 PM,---,7,30
Tokyo,Adidas,Ultra Boost,Female,44,Pink,Shoe,Û 139.00,7/20/2015,3:27 PM,---,7,30
Tokyo,Adidas,Boston 5,Male,46,Multicolor,Shoe,Û 125.00,7/20/2015,5:22 PM,---,7,30
Tokyo,Asics,MB1878,Male,39,Black,Pants,Û 99.00,7/21/2015,7:19 AM,---,7,30
Tokyo,Asics,Nimbus 17,Male,39,Blue,Shoe,Û 128.00,7/21/2015,7:35 AM,---,7,30
Tokyo,Asics,MB1878,Male,46,Black,Pants,Û 99.00,7/21/2015,7:45 AM,---,7,30
Tokyo,Asics,Quick Light Cushion,Unisex,46-48,Green,Socks,Û 19.00,7/21/2015,7:46 AM,---,7,30
Tokyo,Nike,Pro Fierce,Female,70B,Black,Bra,Û 149.00,7/21/2015,8:03 AM,---,7,30
Tokyo,Nike,Dri-Fit No-Show,Unisex,44-46,Pink,Socks,Û 20.00,7/21/2015,8:16 AM,---,7,30
Tokyo,Nike,Nike Elite Match Fit Mercurial Crew,Unisex,44-46,Black,Socks,Û 21.00,7/21/2015,9:31 AM,---,7,30
Tokyo,Asics,WB1820,Female,38,Blue,Pants,Û 89.00,7/21/2015,9:41 AM,---,7,30
Tokyo,Asics,MB1878,Male,46,Black,Pants,Û 99.00,7/21/2015,9:50 AM,47255,7,30
Tokyo,Nike,Pro Hero,Female,80B,Green,Bra,Û 99.00,7/21/2015,10:30 AM,---,7,30
Tokyo,Nike,Nike Elite Match Fit Mercurial Crew,Unisex,46-48,Pink,Socks,Û 21.00,7/21/2015,10:39 AM,---,7,30
Tokyo,Asics,MB1878,Male,38,Black,Pants,Û 99.00,7/21/2015,10:53 AM,---,7,30
