Store,Brand,Type,Gender,Size,Color,Category,Sales Price,Date,Time,Loyalty,Month,
Rotterdam,Asics,WB1820,Female,46,Green,Pants,Û 89.00,7/24/2015,9:40 AM,37662,7,30
Rotterdam,Asics,Quick Light Cushion,Unisex,46-48,Black,Socks,Û 19.00,7/24/2015,9:55 AM,---,7,30
Rotterdam,Asics,Quick Light Cushion,Unisex,36-38,Blue,Socks,Û 19.00,7/24/2015,10:02 AM,33005,7,30
Rotterdam,Asics,WB1820,Female,37,Pink,Pants,Û 89.00,7/24/2015,10:26 AM,---,7,30
Rotterdam,Asics,MB1878,Male,41,Black,Pants,Û 99.00,7/24/2015,10:34 AM,33842,7,30
Rotterdam,Nike,Pro Fierce,Female,80F,Black,Bra,Û 149.00,7/24/2015,10:36 AM,---,7,30
Rotterdam,Asics,Quick Light Cushion,Unisex,38-40,Blue,Socks,Û 19.00,7/24/2015,10:36 AM,---,7,30
Rotterdam,Asics,WB1820,Female,36,Multicolor,Pants,Û 89.00,7/24/2015,10:52 AM,---,7,30
Rotterdam,Nike,Dri-Fit No-Show,Unisex,40-42,Pink,Socks,Û 20.00,7/24/2015,10:54 AM,31779,7,30
Rotterdam,Asics,WB2585,Female,46,Black,Pants,Û 99.00,7/24/2015,11:09 AM,39566,7,30
Rotterdam,Asics,Quick Light Cushion,Unisex,38-40,Black,Socks,Û 19.00,7/24/2015,11:14 AM,31114,7,30
Rotterdam,Nike,Nike Elite Match Fit Mercurial Crew,Unisex,46-48,Black,Socks,Û 21.00,7/24/2015,11:17 AM,---,7,30
Rotterdam,Asics,Kayano Single Tab,Unisex,46-48,Pink,Socks,Û 24.99,7/24/2015,11:32 AM,36678,7,30
Rotterdam,Asics,WB1820,Female,42,Blue,Pants,Û 89.00,7/24/2015,11:38 AM,34692,7,30
Rotterdam,Asics,WB1820,Female,43,Yellow,Pants,Û 89.00,7/24/2015,11:42 AM,---,7,30
Rotterdam,Adidas,Rocket Boost,Female,46,Blue,Shoe,Û 100.00,7/24/2015,11:43 AM,30800,7,30
Rotterdam,Asics,MB1878,Male,46,Black,Pants,Û 99.00,7/24/2015,12:01 PM,32148,7,30
Rotterdam,Nike,Pro Fierce,Female,80C,Black,Bra,Û 149.00,7/24/2015,12:03 PM,32870,7,30
Rotterdam,Asics,MB1878,Male,36,Black,Pants,Û 99.00,7/24/2015,12:13 PM,32189,7,30
Rotterdam,Asics,Hera Deux Single Tab,Female,38-40,Black,Socks,Û 12.99,7/24/2015,12:13 PM,32189,7,30
