Store,Brand,Type,Gender,Size,Color,Category,Sales Price,Date,Time,Loyalty,Month,
Rotterdam,Asics,WB1820,Female,36,Grey,Pants,Û 89.00,7/25/2015,2:17 PM,33245,7,30
Rotterdam,Nike,Pro Indy,Female,75D,Blue,Bra,Û 123.00,7/25/2015,2:55 PM,35458,7,30
Rotterdam,Nike,Pro Fierce,Female,80F,Grey,Bra,Û 149.00,7/25/2015,3:00 PM,---,7,30
Rotterdam,Nike,Free 5.0,Male,39,Yellow,Shoe,Û 239.00,7/25/2015,3:01 PM,32428,7,30
Rotterdam,Nike,Nike Elite Match Fit Mercurial Crew,Unisex,38-40,Pink,Socks,Û 21.00,7/25/2015,3:03 PM,---,7,30
Rotterdam,Nike,Pro Classic,Female,90B,Pink,Bra,Û 100.00,7/25/2015,3:08 PM,34975,7,30
Rotterdam,Nike,Free 5.0,Male,37,Yellow,Shoe,Û 239.00,7/25/2015,3:31 PM,38699,7,30
Rotterdam,Nike,Nike Elite Match Fit Mercurial Crew,Unisex,44-46,Pink,Socks,Û 21.00,7/25/2015,3:37 PM,37423,7,30
Rotterdam,Nike,Dri-Fit No-Show,Unisex,44-46,Green,Socks,Û 20.00,7/25/2015,3:55 PM,---,7,30
Rotterdam,Asics,Hera Deux Single Tab,Female,36-38,Pink,Socks,Û 12.99,7/25/2015,4:02 PM,38082,7,30
Rotterdam,Asics,WB1820,Female,44,Yellow,Pants,Û 89.00,7/25/2015,4:18 PM,32749,7,30
Rotterdam,Asics,WB2585,Female,38,Black,Pants,Û 99.00,7/25/2015,4:23 PM,35161,7,30
Rotterdam,Asics,WB1820,Female,46,Green,Pants,Û 89.00,7/25/2015,4:31 PM,36605,7,30
Rotterdam,Nike,Pro Fierce,Female,90B,Black,Bra,Û 149.00,7/25/2015,4:56 PM,33961,7,30
Rotterdam,Asics,Quick Light Cushion,Unisex,38-40,Pink,Socks,Û 19.00,7/25/2015,4:56 PM,33961,7,30
Rotterdam,Asics,MB1878,Male,46,Black,Pants,Û 99.00,7/25/2015,5:20 PM,33632,7,30
Rotterdam,Nike,Free 5.0,Male,41,Green,Shoe,Û 239.00,7/25/2015,5:22 PM,34906,7,30
Rotterdam,Nike,Dri-Fit No-Show,Unisex,36-38,Blue,Socks,Û 20.00,7/25/2015,5:22 PM,34906,7,30
Rotterdam,Asics,WB1820,Female,42,Multicolor,Pants,Û 89.00,7/25/2015,5:27 PM,39014,7,30
Rotterdam,Nike,Pro Fierce,Female,85C,Pink,Bra,Û 149.00,7/25/2015,5:37 PM,30402,7,30
