Store,Brand,Type,Gender,Size,Color,Category,Sales Price,Date,Time,Loyalty,Month,
Rotterdam,Asics,WB1820,Female,44,Green,Pants,Û 89.00,7/26/2015,4:12 PM,32561,7,31
Rotterdam,Asics,WB1820,Female,36,Pink,Pants,Û 89.00,7/26/2015,4:20 PM,35795,7,31
Rotterdam,Asics,Quick Light Cushion,Unisex,42-44,Blue,Socks,Û 19.00,7/26/2015,4:23 PM,38596,7,31
Rotterdam,Asics,MB1878,Male,39,Black,Pants,Û 99.00,7/26/2015,4:30 PM,38360,7,31
Rotterdam,Asics,MB1878,Male,40,Black,Pants,Û 99.00,7/26/2015,4:31 PM,38588,7,31
Rotterdam,Adidas,Ultra Boost,Female,46,Blue,Shoe,Û 139.00,7/26/2015,4:46 PM,39558,7,31
Rotterdam,Asics,MB1878,Male,45,Black,Pants,Û 99.00,7/26/2015,5:10 PM,---,7,31
Rotterdam,Asics,Cummulus 17,Male,36,Black,Shoe,Û 159.00,7/26/2015,5:10 PM,---,7,31
Rotterdam,Asics,WB2585,Female,40,Black,Pants,Û 99.00,7/26/2015,5:19 PM,37377,7,31
Rotterdam,Asics,Kayano Single Tab,Unisex,44-46,Pink,Socks,Û 24.99,7/26/2015,5:22 PM,36450,7,31
Rotterdam,Asics,MB1878,Male,45,Black,Pants,Û 99.00,7/26/2015,5:25 PM,38178,7,31
Rotterdam,Nike,Air Zoom,Male,36,Yellow,Shoe,Û 220.00,7/26/2015,5:30 PM,35933,7,31
Rotterdam,Asics,WB1820,Female,38,Yellow,Pants,Û 89.00,7/26/2015,5:30 PM,---,7,31
Rotterdam,Nike,Pro Fierce,Female,75C,Black,Bra,Û 149.00,7/26/2015,5:32 PM,39493,7,31
Rotterdam,Asics,WB1820,Female,36,Black,Pants,Û 89.00,7/26/2015,5:35 PM,32566,7,31
Rotterdam,Nike,Pro Indy,Female,65E,Pink,Bra,Û 123.00,7/26/2015,5:40 PM,30573,7,31
Tokyo,Asics,WB1820,Female,43,Green,Pants,Û 89.00,7/26/2015,8:38 AM,57132,7,31
Tokyo,Nike,Dri-Fit No-Show,Unisex,38-40,Black,Socks,Û 20.00,7/26/2015,9:14 AM,---,7,31
Tokyo,Asics,WB1820,Female,45,Grey,Pants,Û 89.00,7/26/2015,9:57 AM,52919,7,31
Tokyo,Asics,WB1820,Female,37,Multicolor,Pants,Û 89.00,7/26/2015,10:36 AM,54334,7,31
