Store,Brand,Type,Gender,Size,Color,Category,Sales Price,Date,Time,Loyalty,Month,
Tokyo,Asics,Hera Deux Single Tab,Female,42-44,Black,Socks,Û 12.99,7/23/2015,10:19 PM,47135,7,30
Tokyo,Asics,WB1820,Female,40,Black,Pants,Û 89.00,7/23/2015,10:20 PM,48602,7,30
Tokyo,Asics,WB1820,Female,41,Green,Pants,Û 89.00,7/23/2015,11:02 PM,45395,7,30
Tokyo,Asics,MB1878,Male,42,Black,Pants,Û 99.00,7/23/2015,11:18 PM,44900,7,30
Tokyo,Nike,Dri-Fit No-Show,Unisex,44-46,Black,Socks,Û 20.00,7/23/2015,11:57 PM,---,7,30
Rotterdam,Nike,Hyper Elite Crew,Unisex,46-48,Blue,Socks,Û 20.00,7/23/2015,9:32 AM,34399,7,30
Rotterdam,Nike,Dri-Fit No-Show,Unisex,38-40,Blue,Socks,Û 20.00,7/23/2015,9:34 AM,---,7,30
Rotterdam,Nike,Pro Fierce,Female,65C,Yellow,Bra,Û 149.00,7/23/2015,9:47 AM,---,7,30
Rotterdam,Asics,WB1820,Female,37,Blue,Pants,Û 89.00,7/23/2015,10:12 AM,33792,7,30
Rotterdam,Asics,MB1878,Male,39,Black,Pants,Û 99.00,7/23/2015,10:13 AM,38392,7,30
Rotterdam,Asics,WB1820,Female,37,Grey,Pants,Û 89.00,7/23/2015,10:13 AM,38392,7,30
Rotterdam,Nike,Pro Hero,Female,90C,Blue,Bra,Û 99.00,7/23/2015,10:30 AM,39825,7,30
Rotterdam,Asics,Kayano Single Tab,Unisex,44-46,Blue,Socks,Û 24.99,7/23/2015,10:36 AM,30114,7,30
Rotterdam,Nike,Dri-Fit No-Show,Unisex,40-42,Blue,Socks,Û 20.00,7/23/2015,11:04 AM,33794,7,30
Rotterdam,Asics,Kayano Single Tab,Unisex,38-40,Black,Socks,Û 24.99,7/23/2015,11:04 AM,33794,7,30
Rotterdam,Nike,Air Zoom,Female,37,Grey,Shoe,Û 230.00,7/23/2015,11:04 AM,33794,7,30
Rotterdam,Asics,Quick Light Cushion,Unisex,42-44,Blue,Socks,Û 19.00,7/23/2015,11:10 AM,---,7,30
Rotterdam,Asics,MB1878,Male,45,Black,Pants,Û 99.00,7/23/2015,11:24 AM,38646,7,30
Rotterdam,Nike,Pro Indy,Female,70F,Pink,Bra,Û 123.00,7/23/2015,11:27 AM,---,7,30
Rotterdam,Asics,WB2585,Female,39,Black,Pants,Û 99.00,7/23/2015,11:30 AM,39834,7,30
