Store,Brand,Type,Gender,Size,Color,Category,Sales Price,Date,Time,Loyalty,Month,
Rotterdam,Nike,Nike Elite Match Fit Mercurial Crew,Unisex,46-48,Blue,Socks,Û 21.00,7/27/2015,2:09 PM,---,7,31
Rotterdam,Nike,Free 5.0,Female,43,Green,Shoe,Û 239.00,7/27/2015,2:12 PM,---,7,31
Rotterdam,Asics,Kayano Single Tab,Unisex,40-42,Pink,Socks,Û 24.99,7/27/2015,2:24 PM,---,7,31
Rotterdam,Nike,Pro Classic,Female,85A,Pink,Bra,Û 100.00,7/27/2015,2:35 PM,31620,7,31
Rotterdam,Asics,Hera Deux Single Tab,Female,44-46,Pink,Socks,Û 12.99,7/27/2015,2:37 PM,37463,7,31
Rotterdam,Asics,WB1820,Female,46,Pink,Pants,Û 89.00,7/27/2015,2:40 PM,33256,7,31
Rotterdam,Nike,Hyper Elite Crew,Unisex,46-48,Pink,Socks,Û 20.00,7/27/2015,2:43 PM,---,7,31
Rotterdam,Asics,Kayano Single Tab,Unisex,38-40,Blue,Socks,Û 24.99,7/27/2015,2:56 PM,---,7,31
Rotterdam,Asics,WB1820,Female,39,Pink,Pants,Û 89.00,7/27/2015,3:14 PM,---,7,31
Rotterdam,Nike,Pro Fierce,Female,65D,Blue,Bra,Û 149.00,7/27/2015,3:34 PM,38716,7,31
Rotterdam,Nike,Free 5.0,Female,44,Multicolor,Shoe,Û 239.00,7/27/2015,3:39 PM,34040,7,31
Rotterdam,Asics,WB1820,Female,45,Pink,Pants,Û 89.00,7/27/2015,3:40 PM,30631,7,31
Rotterdam,Asics,WB1820,Female,37,Black,Pants,Û 89.00,7/27/2015,3:44 PM,33220,7,31
Rotterdam,Asics,MB1878,Male,42,Black,Pants,Û 99.00,7/27/2015,3:55 PM,38092,7,31
Rotterdam,Asics,Kayano Single Tab,Unisex,46-48,Blue,Socks,Û 24.99,7/27/2015,4:03 PM,---,7,31
Rotterdam,Asics,WB1820,Female,43,Yellow,Pants,Û 89.00,7/27/2015,4:05 PM,---,7,31
Rotterdam,Asics,WB2585,Female,41,Black,Pants,Û 99.00,7/27/2015,4:07 PM,39732,7,31
Rotterdam,Asics,Cummulus 17,Male,41,Blue,Shoe,Û 159.00,7/27/2015,4:18 PM,32904,7,31
Rotterdam,Nike,Nike Elite Match Fit Mercurial Crew,Unisex,38-40,Blue,Socks,Û 21.00,7/27/2015,4:20 PM,34354,7,31
Rotterdam,Nike,Dri-Fit No-Show,Unisex,42-44,Black,Socks,Û 20.00,7/27/2015,4:38 PM,38508,7,31
