Store,Brand,Type,Gender,Size,Color,Category,Sales Price,Date,Time,Loyalty,Month,
Tokyo,Asics,Kayano Single Tab,Unisex,44-46,Pink,Socks,Û 24.99,7/23/2015,3:47 PM,---,7,30
Tokyo,Asics,Kayano Single Tab,Unisex,38-40,Black,Socks,Û 24.99,7/23/2015,4:27 PM,40329,7,30
Tokyo,Asics,WB1820,Female,37,Yellow,Pants,Û 89.00,7/23/2015,4:40 PM,---,7,30
Tokyo,Asics,MB1878,Male,44,Black,Pants,Û 99.00,7/23/2015,5:44 PM,---,7,30
Tokyo,Asics,MB1878,Male,46,Black,Pants,Û 99.00,7/23/2015,6:47 PM,---,7,30
Tokyo,Asics,WB2585,Female,38,Black,Pants,Û 99.00,7/23/2015,6:56 PM,---,7,30
Tokyo,Asics,WB1820,Female,44,Yellow,Pants,Û 89.00,7/23/2015,7:13 PM,49656,7,30
Tokyo,Asics,Nimbus 17,Male,39,Black,Shoe,Û 128.00,7/23/2015,7:30 PM,40684,7,30
Tokyo,Asics,Cummulus 17,Male,44,Green,Shoe,Û 159.00,7/23/2015,7:36 PM,41427,7,30
Tokyo,Asics,MB1878,Male,40,Black,Pants,Û 99.00,7/23/2015,7:56 PM,42729,7,30
Tokyo,Asics,MB1878,Male,42,Black,Pants,Û 99.00,7/23/2015,8:16 PM,46635,7,30
Tokyo,Nike,Hyper Elite Crew,Unisex,40-42,Green,Socks,Û 20.00,7/23/2015,8:31 PM,41752,7,30
Tokyo,Adidas,Boston 5,Male,37,Black,Shoe,Û 120.00,7/23/2015,9:15 PM,45617,7,30
Tokyo,Asics,WB1820,Female,43,Pink,Pants,Û 89.00,7/23/2015,9:25 PM,42787,7,30
Tokyo,Asics,Kayano Single Tab,Unisex,42-44,Pink,Socks,Û 24.99,7/23/2015,9:28 PM,---,7,30
Tokyo,Asics,WB2585,Female,36,Black,Pants,Û 99.00,7/23/2015,9:31 PM,---,7,30
Tokyo,Nike,Pro Classic,Female,70D,Pink,Bra,Û 100.00,7/23/2015,9:33 PM,---,7,30
Tokyo,Asics,Quick Light Cushion,Unisex,42-44,Black,Socks,Û 19.00,7/23/2015,9:33 PM,---,7,30
Tokyo,Asics,WB1820,Female,40,Green,Pants,Û 89.00,7/23/2015,9:50 PM,---,7,30
Tokyo,Asics,Quick Light Cushion,Unisex,42-44,Black,Socks,Û 19.00,7/23/2015,9:59 PM,44400,7,30
