Store,Brand,Type,Gender,Size,Color,Category,Sales Price,Date,Time,Loyalty,Month,
Rotterdam,Asics,WB1820,Female,44,Pink,Pants,Û 89.00,7/28/2015,11:40 AM,---,7,31
Rotterdam,Nike,Dri-Fit No-Show,Unisex,42-44,Blue,Socks,Û 20.00,7/28/2015,11:43 AM,---,7,31
Rotterdam,Nike,Hyper Elite Crew,Unisex,38-40,Pink,Socks,Û 20.00,7/28/2015,11:51 AM,34641,7,31
Rotterdam,Asics,WB1820,Female,39,Multicolor,Pants,Û 89.00,7/28/2015,11:56 AM,38301,7,31
Rotterdam,Nike,Pro Fierce,Female,75F,Black,Bra,Û 149.00,7/28/2015,12:11 PM,36234,7,31
Rotterdam,Asics,WB1820,Female,45,Pink,Pants,Û 89.00,7/28/2015,12:29 PM,34038,7,31
Rotterdam,Nike,Dri-Fit No-Show,Unisex,36-38,Pink,Socks,Û 20.00,7/28/2015,12:37 PM,---,7,31
Rotterdam,Asics,WB2585,Female,40,Black,Pants,Û 99.00,7/28/2015,12:47 PM,35985,7,31
Rotterdam,Asics,Quick Light Cushion,Unisex,44-46,Blue,Socks,Û 19.00,7/28/2015,1:03 PM,32961,7,31
Rotterdam,Asics,Quick Light Cushion,Unisex,40-42,Black,Socks,Û 19.00,7/28/2015,1:12 PM,31372,7,31
Rotterdam,Asics,Quick Light Cushion,Unisex,42-44,Black,Socks,Û 19.00,7/28/2015,1:13 PM,---,7,31
Rotterdam,Nike,Hyper Elite Crew,Unisex,36-38,Green,Socks,Û 20.00,7/28/2015,1:36 PM,36242,7,31
Rotterdam,Asics,Quick Light Cushion,Unisex,36-38,Green,Socks,Û 19.00,7/28/2015,1:43 PM,---,7,31
Rotterdam,Asics,Quick Light Cushion,Unisex,44-46,Green,Socks,Û 19.00,7/28/2015,1:49 PM,---,7,31
Rotterdam,Nike,Air Zoom,Female,36,Pink,Shoe,Û 230.00,7/28/2015,1:57 PM,---,7,31
Rotterdam,Nike,Pro Hero,Female,80C,Blue,Bra,Û 99.00,7/28/2015,2:20 PM,39852,7,31
Rotterdam,Nike,Free 5.0,Female,36,Grey,Shoe,Û 239.00,7/28/2015,2:25 PM,---,7,31
Rotterdam,Asics,Kayano Single Tab,Unisex,40-42,Pink,Socks,Û 24.99,7/28/2015,2:37 PM,37514,7,31
Rotterdam,Nike,Dri-Fit No-Show,Unisex,42-44,Black,Socks,Û 20.00,7/28/2015,2:38 PM,---,7,31
Rotterdam,Asics,MB1878,Male,46,Black,Pants,Û 99.00,7/28/2015,2:45 PM,---,7,31
