Store,Brand,Type,Gender,Size,Color,Category,Sales Price,Date,Time,Loyalty,Month,
Tokyo,Asics,WB1820,Female,37,Green,Pants,Û 89.00,7/22/2015,11:07 AM,32963,7,30
Rotterdam,Nike,Nike Elite Match Fit Mercurial Crew,Unisex,42-44,Green,Socks,Û 21.00,7/22/2015,11:10 AM,---,7,30
Tokyo,Asics,Cummulus 17,Male,42,Pink,Shoe,Û 159.00,7/22/2015,11:15 AM,35614,7,30
Tokyo,Asics,MB1878,Male,44,Black,Pants,Û 99.00,7/22/2015,11:19 AM,---,7,30
Rotterdam,Nike,Dri-Fit No-Show,Unisex,38-40,Pink,Socks,Û 20.00,7/22/2015,11:19 AM,---,7,30
Rotterdam,Nike,Nike Elite Match Fit Mercurial Crew,Unisex,44-46,Blue,Socks,Û 21.00,7/22/2015,11:37 AM,---,7,30
Tokyo,Asics,WB1820,Female,36,Green,Pants,Û 89.00,7/22/2015,11:50 AM,32804,7,30
Tokyo,Asics,WB1820,Female,44,Blue,Pants,Û 89.00,7/22/2015,12:03 PM,35658,7,30
Tokyo,Asics,MB1878,Male,43,Black,Pants,Û 99.00,7/22/2015,12:08 PM,34691,7,30
Rotterdam,Nike,Nike Elite Match Fit Mercurial Crew,Unisex,44-46,Black,Socks,Û 21.00,7/22/2015,12:16 PM,35424,7,30
Rotterdam,Nike,Pro Fierce,Female,65C,Multicolor,Bra,Û 149.00,7/22/2015,12:18 PM,35992,7,30
Rotterdam,Nike,Free 5.0,Male,43,Grey,Shoe,Û 239.00,7/22/2015,12:19 PM,---,7,30
Tokyo,Asics,WB1820,Female,36,Black,Pants,Û 89.00,7/22/2015,12:37 PM,32627,7,30
Tokyo,Asics,Quick Light Cushion,Unisex,36-38,Green,Socks,Û 19.00,7/22/2015,12:49 PM,---,7,30
Tokyo,Asics,MB1878,Male,46,Black,Pants,Û 99.00,7/22/2015,1:00 PM,---,7,30
Tokyo,Asics,MB1878,Male,40,Black,Pants,Û 99.00,7/22/2015,1:03 PM,33782,7,30
Tokyo,Asics,WB1820,Female,43,Blue,Pants,Û 89.00,7/22/2015,1:03 PM,33782,7,30
Tokyo,Asics,MB1878,Male,37,Black,Pants,Û 99.00,7/22/2015,1:18 PM,35439,7,30
Rotterdam,Nike,Elite Compression,Unisex,40-42,Black,Socks,Û 23.99,7/22/2015,1:18 PM,35439,7,30
Rotterdam,Nike,Dri-Fit No-Show,Unisex,40-42,Blue,Socks,Û 20.00,7/22/2015,1:18 PM,35439,7,30
