Store,Brand,Type,Gender,Size,Color,Category,Sales Price,Date,Time,Loyalty,Month,
Tokyo,Nike,Dri-Fit No-Show,Unisex,40-42,Green,Socks,Û 20.00,7/19/2015,8:25 AM,44930,7,30
Tokyo,Asics,WB1820,Female,38,Multicolor,Pants,Û 89.00,7/19/2015,8:35 AM,40540,7,30
Tokyo,Asics,Quick Light Cushion,Unisex,46-48,Black,Socks,Û 19.00,7/19/2015,9:11 AM,---,7,30
Tokyo,Nike,Nike Elite Match Fit Mercurial Crew,Unisex,38-40,Blue,Socks,Û 21.00,7/19/2015,9:17 AM,41267,7,30
Tokyo,Asics,WB2585,Female,43,Black,Pants,Û 99.00,7/19/2015,10:24 AM,49685,7,30
Tokyo,Asics,WB1820,Female,40,Grey,Pants,Û 89.00,7/19/2015,11:39 AM,41227,7,30
Tokyo,Nike,Dri-Fit No-Show,Unisex,44-46,Pink,Socks,Û 20.00,7/19/2015,12:34 PM,---,7,30
Tokyo,Asics,WB1820,Female,40,Grey,Pants,Û 89.00,7/19/2015,12:40 PM,44932,7,30
Tokyo,Asics,Kayano Single Tab,Unisex,44-46,Green,Socks,Û 24.99,7/19/2015,1:04 PM,---,7,30
Tokyo,Nike,Pro Fierce,Female,80E,Multicolor,Bra,Û 149.00,7/19/2015,1:50 PM,---,7,30
Tokyo,Nike,Pro Fierce,Female,80C,Multicolor,Bra,Û 149.00,7/19/2015,2:25 PM,43660,7,30
Tokyo,Nike,Dri-Fit No-Show,Unisex,40-42,Black,Socks,Û 20.00,7/19/2015,2:52 PM,48268,7,30
Tokyo,Asics,WB1820,Female,46,Black,Pants,Û 89.00,7/19/2015,2:52 PM,48268,7,30
Tokyo,Asics,MB1878,Male,43,Black,Pants,Û 99.00,7/19/2015,3:21 PM,40675,7,30
Tokyo,Asics,MB1878,Male,41,Black,Pants,Û 99.00,7/19/2015,3:27 PM,43369,7,30
Tokyo,Asics,WB1820,Female,45,Green,Pants,Û 89.00,7/19/2015,4:40 PM,49334,7,30
Tokyo,Nike,Dri-Fit No-Show,Unisex,42-44,Blue,Socks,Û 20.00,7/19/2015,5:08 PM,---,7,30
Tokyo,Asics,Kayano Single Tab,Unisex,42-44,Green,Socks,Û 24.99,7/19/2015,5:09 PM,49079,7,30
Tokyo,Nike,Nike Elite Match Fit Mercurial Crew,Unisex,40-42,Pink,Socks,Û 21.00,7/19/2015,5:11 PM,48049,7,30
Tokyo,Asics,WB1820,Female,39,Pink,Pants,Û 89.00,7/19/2015,5:19 PM,48569,7,30
