Store,Brand,Type,Gender,Size,Color,Category,Sales Price,Date,Time,Loyalty,Month,
Tokyo,Asics,Kayano Single Tab,Unisex,44-46,Pink,Socks,Û 24.99,7/17/2015,12:04 PM,31162,7,29
Tokyo,Asics,WB1820,Female,45,Multicolor,Pants,Û 89.00,7/17/2015,12:06 PM,30210,7,29
Tokyo,Asics,Kayano Single Tab,Unisex,36-38,Green,Socks,Û 24.99,7/17/2015,12:31 PM,33079,7,29
Tokyo,Asics,Quick Light Cushion,Unisex,40-42,Black,Socks,Û 19.00,7/17/2015,12:34 PM,35725,7,29
Tokyo,Nike,Air Zoom,Male,38,Pink,Shoe,Û 220.00,7/17/2015,12:39 PM,---,7,29
Tokyo,Asics,WB2585,Female,39,Black,Pants,Û 99.00,7/17/2015,12:40 PM,32036,7,29
Tokyo,Asics,Quick Light Cushion,Unisex,36-38,Pink,Socks,Û 19.00,7/17/2015,12:42 PM,---,7,29
Tokyo,Nike,Pro Hero,Female,80A,Black,Bra,Û 99.00,7/17/2015,12:50 PM,37129,7,29
Tokyo,Nike,Dri-Fit No-Show,Unisex,42-44,Black,Socks,Û 20.00,7/17/2015,1:12 PM,34774,7,29
Tokyo,Nike,Hyper Elite Crew,Unisex,38-40,Green,Socks,Û 20.00,7/17/2015,1:15 PM,---,7,29
Tokyo,Asics,WB1820,Female,42,Black,Pants,Û 89.00,7/17/2015,1:18 PM,---,7,29
Tokyo,Asics,Kayano Single Tab,Unisex,36-38,Blue,Socks,Û 24.99,7/17/2015,1:23 PM,---,7,29
Tokyo,Nike,Nike Elite Match Fit Mercurial Crew,Unisex,46-48,Pink,Socks,Û 21.00,7/17/2015,1:49 PM,33791,7,29
Tokyo,Asics,Hera Deux Single Tab,Female,38-40,Blue,Socks,Û 12.99,7/17/2015,1:52 PM,35797,7,29
Tokyo,Nike,Free 5.0,Female,43,Black,Shoe,Û 239.00,7/17/2015,2:02 PM,32407,7,29
Tokyo,Asics,MB1878,Male,39,Black,Pants,Û 99.00,7/17/2015,2:02 PM,32407,7,29
Tokyo,Nike,Pro Hero,Female,90D,Blue,Bra,Û 99.00,7/17/2015,2:06 PM,32535,7,29
Tokyo,Nike,Nike Elite Match Fit Mercurial Crew,Unisex,44-46,Blue,Socks,Û 21.00,7/17/2015,2:14 PM,37749,7,29
Tokyo,Asics,MB1878,Male,38,Black,Pants,Û 99.00,7/17/2015,2:32 PM,---,7,29
Tokyo,Nike,Pro Classic,Female,75F,Blue,Bra,Û 100.00,7/17/2015,2:33 PM,33713,7,29
